,date,momentum_index
0,2015-01-01,100
1,2015-01-02,100
2,2015-01-05,100
3,2015-01-06,100
4,2015-01-07,100
5,2015-01-08,100
6,2015-01-09,100
7,2015-01-12,100
8,2015-01-13,100
9,2015-01-14,100
10,2015-01-15,100
11,2015-01-16,100
12,2015-01-19,100
13,2015-01-20,100
14,2015-01-21,100
15,2015-01-22,100
16,2015-01-23,100
17,2015-01-26,100
18,2015-01-27,100
19,2015-01-28,100
20,2015-01-29,100
21,2015-01-30,100
22,2015-02-02,100
23,2015-02-03,100
24,2015-02-04,100
25,2015-02-05,100
26,2015-02-06,100
27,2015-02-09,100
28,2015-02-10,100
29,2015-02-11,100
30,2015-02-12,100
31,2015-02-13,100
32,2015-02-16,100
33,2015-02-17,100
34,2015-02-18,100
35,2015-02-19,100
36,2015-02-20,100
37,2015-02-23,100
38,2015-02-24,100
39,2015-02-25,100
40,2015-02-26,100
41,2015-02-27,100
42,2015-03-02,100
43,2015-03-03,100
44,2015-03-04,100
45,2015-03-05,100
46,2015-03-06,100
47,2015-03-09,100
48,2015-03-10,100
49,2015-03-11,100
50,2015-03-12,100
51,2015-03-13,100
52,2015-03-16,100
53,2015-03-17,100
54,2015-03-18,100
55,2015-03-19,100
56,2015-03-20,100
57,2015-03-23,100
58,2015-03-24,100
59,2015-03-25,100
60,2015-03-26,100
61,2015-03-27,100
62,2015-03-30,100
63,2015-03-31,100
64,2015-04-01,100
65,2015-04-02,100
66,2015-04-03,100
67,2015-04-06,100
68,2015-04-07,100
69,2015-04-08,100
70,2015-04-09,100
71,2015-04-10,100
72,2015-04-13,100
73,2015-04-14,100
74,2015-04-15,100
75,2015-04-16,100
76,2015-04-17,100
77,2015-04-20,100
78,2015-04-21,100
79,2015-04-22,100
80,2015-04-23,100
81,2015-04-24,100
82,2015-04-27,100
83,2015-04-28,100
84,2015-04-29,100
85,2015-04-30,100
86,2015-05-01,100
87,2015-05-04,100
88,2015-05-05,100
89,2015-05-06,100
90,2015-05-07,100
91,2015-05-08,100
92,2015-05-11,100
93,2015-05-12,100
94,2015-05-13,100
95,2015-05-14,100
96,2015-05-15,100
97,2015-05-18,100
98,2015-05-19,100
99,2015-05-20,100
100,2015-05-21,100
101,2015-05-22,100
102,2015-05-25,100
103,2015-05-26,100
104,2015-05-27,100
105,2015-05-28,100
106,2015-05-29,100
107,2015-06-01,100
108,2015-06-02,100
109,2015-06-03,100
110,2015-06-04,100
111,2015-06-05,100
112,2015-06-08,100
113,2015-06-09,100
114,2015-06-10,100
115,2015-06-11,100
116,2015-06-12,100
117,2015-06-15,100
118,2015-06-16,100
119,2015-06-17,100
120,2015-06-18,100
121,2015-06-19,100
122,2015-06-22,100
123,2015-06-23,100
124,2015-06-24,100
125,2015-06-25,100
126,2015-06-26,100
127,2015-06-29,100
128,2015-06-30,100
129,2015-07-01,100
130,2015-07-02,100
131,2015-07-03,100
132,2015-07-06,100
133,2015-07-07,100
134,2015-07-08,100
135,2015-07-09,100
136,2015-07-10,100
137,2015-07-13,100
138,2015-07-14,100
139,2015-07-15,100
140,2015-07-16,100
141,2015-07-17,100
142,2015-07-20,100
143,2015-07-21,100
144,2015-07-22,100
145,2015-07-23,100
146,2015-07-24,100
147,2015-07-27,100
148,2015-07-28,100
149,2015-07-29,100
150,2015-07-30,100
151,2015-07-31,100
152,2015-08-03,100
153,2015-08-04,100
154,2015-08-05,100
155,2015-08-06,100
156,2015-08-07,100
157,2015-08-10,100
158,2015-08-11,100
159,2015-08-12,100
160,2015-08-13,100
161,2015-08-14,100
162,2015-08-17,100
163,2015-08-18,100
164,2015-08-19,100
165,2015-08-20,100
166,2015-08-21,100
167,2015-08-24,100
168,2015-08-25,100
169,2015-08-26,100
170,2015-08-27,100
171,2015-08-28,100
172,2015-08-31,100
173,2015-09-01,100
174,2015-09-02,100
175,2015-09-03,100
176,2015-09-04,100
177,2015-09-07,100
178,2015-09-08,100
179,2015-09-09,100
180,2015-09-10,100
181,2015-09-11,100
182,2015-09-14,100
183,2015-09-15,100
184,2015-09-16,100
185,2015-09-17,100
186,2015-09-18,100
187,2015-09-21,100
188,2015-09-22,100
189,2015-09-23,100
190,2015-09-24,100
191,2015-09-25,100
192,2015-09-28,100
193,2015-09-29,100
194,2015-09-30,100
195,2015-10-01,100
196,2015-10-02,100
197,2015-10-05,100
198,2015-10-06,100
199,2015-10-07,100
200,2015-10-08,100
201,2015-10-09,100
202,2015-10-12,100
203,2015-10-13,100
204,2015-10-14,100
205,2015-10-15,100
206,2015-10-16,100
207,2015-10-19,100
208,2015-10-20,100
209,2015-10-21,100
210,2015-10-22,100
211,2015-10-23,100
212,2015-10-26,100
213,2015-10-27,100
214,2015-10-28,100
215,2015-10-29,100
216,2015-10-30,100
217,2015-11-02,100
218,2015-11-03,100
219,2015-11-04,100
220,2015-11-05,100
221,2015-11-06,100
222,2015-11-09,100
223,2015-11-10,100
224,2015-11-11,100
225,2015-11-12,100
226,2015-11-13,100
227,2015-11-16,100
228,2015-11-17,100
229,2015-11-18,100
230,2015-11-19,100
231,2015-11-20,100
232,2015-11-23,100
233,2015-11-24,100
234,2015-11-25,100
235,2015-11-26,100
236,2015-11-27,100
237,2015-11-30,100
238,2015-12-01,100
239,2015-12-02,100
240,2015-12-03,100
241,2015-12-04,100
242,2015-12-07,100
243,2015-12-08,100
244,2015-12-09,100
245,2015-12-10,100
246,2015-12-11,100
247,2015-12-14,100
248,2015-12-15,100
249,2015-12-16,100
250,2015-12-17,100
251,2015-12-18,100
252,2015-12-21,100
253,2015-12-22,100
254,2015-12-23,100
255,2015-12-24,100
256,2015-12-25,100
257,2015-12-28,100
258,2015-12-29,100
259,2015-12-30,100
260,2015-12-31,100
261,2016-01-04,100.0
262,2016-01-05,99.3010513611243
263,2016-01-06,98.1074338881003
264,2016-01-07,95.85211340640535
265,2016-01-08,94.67543957639747
266,2016-01-11,94.09382056005157
267,2016-01-12,95.15952998858504
268,2016-01-13,91.30291302317421
269,2016-01-14,92.62660014104758
270,2016-01-15,89.81652703799232
271,2016-01-19,88.95012524745994
272,2016-01-20,89.15206772990672
273,2016-01-21,90.01693448263083
274,2016-01-22,91.7053053517954
275,2016-01-25,89.40019801667312
276,2016-01-26,89.14831643588865
277,2016-01-27,84.97447972319789
278,2016-01-28,83.82327747062038
279,2016-01-29,85.70474745365968
280,2016-02-01,86.58428525713543
281,2016-02-02,83.67710226211318
282,2016-02-03,83.4091209990709
283,2016-02-04,85.09058554450992
284,2016-02-05,77.4799971688802
285,2016-02-08,72.82588065877314
286,2016-02-09,72.63766597346911
287,2016-02-10,75.25552652287689
288,2016-02-11,77.05088592940864
289,2016-02-12,77.19098811214617
290,2016-02-16,80.58205125601529
291,2016-02-17,87.04529116156748
292,2016-02-18,87.08058307910984
293,2016-02-19,89.46748334126461
294,2016-02-22,90.79834268014368
295,2016-02-23,89.05937297327021
296,2016-02-24,89.6264281350793
297,2016-02-25,90.71856251481233
298,2016-02-26,91.27213906387402
299,2016-02-29,91.92482948344147
300,2016-03-01,97.28699038356962
301,2016-03-02,97.22522158983502
302,2016-03-03,97.72372262229594
303,2016-03-04,97.57710409852326
304,2016-03-07,97.2987897857847
305,2016-03-08,96.10535070713665
306,2016-03-09,97.10213660909713
307,2016-03-10,96.84604726080053
308,2016-03-11,98.66608648410104
309,2016-03-14,99.37527917299951
310,2016-03-15,98.40410690271881
311,2016-03-16,100.10162307301869
312,2016-03-17,99.6286482343911
313,2016-03-18,100.83463092791514
314,2016-03-21,102.01946690951407
315,2016-03-22,100.55068884495316
316,2016-03-23,99.12273903460922
317,2016-03-24,99.04667686640636
318,2016-03-28,98.5339280305595
319,2016-03-29,100.29019101725567
320,2016-03-30,101.14983640436017
321,2016-03-31,99.75429887816054
322,2016-04-01,100.5927858323515
323,2016-04-04,99.9630605764342
324,2016-04-05,99.1513765665993
325,2016-04-06,100.65300220081517
326,2016-04-07,98.9815408957819
327,2016-04-08,99.40043413292744
328,2016-04-11,98.99995968846943
329,2016-04-12,100.18138015479472
330,2016-04-13,102.48311805695025
331,2016-04-14,102.92869223233228
332,2016-04-15,102.72965765474049
333,2016-04-18,104.4731654862312
334,2016-04-19,103.16345728409955
335,2016-04-20,103.94829039675521
336,2016-04-21,103.97901184281622
337,2016-04-22,103.6670763691271
338,2016-04-25,102.84135631833718
339,2016-04-26,102.65487819452352
340,2016-04-27,103.38307599151094
341,2016-04-28,101.89898789109655
342,2016-04-29,102.10734894303557
343,2016-05-02,103.7775742258046
344,2016-05-03,102.13730554904492
345,2016-05-04,98.26683619561689
346,2016-05-05,97.33140945277614
347,2016-05-06,97.98199404423109
348,2016-05-09,96.87721735383839
349,2016-05-10,99.15311383755576
350,2016-05-11,98.73507630420258
351,2016-05-12,98.78209297654286
352,2016-05-13,98.58304549765299
353,2016-05-16,99.76557397372711
354,2016-05-17,99.09908899409679
355,2016-05-18,98.84838912146076
356,2016-05-19,97.85909099291756
357,2016-05-20,99.10983739289226
358,2016-05-23,97.88773973745589
359,2016-05-24,100.20918480644154
360,2016-05-25,100.6983659939322
361,2016-05-26,100.5817371220663
362,2016-05-27,100.86954955296237
363,2016-05-31,100.89920389060252
364,2016-06-01,101.8517508289867
365,2016-06-02,103.10896315890368
366,2016-06-03,103.57665613179243
367,2016-06-06,106.23264966489654
368,2016-06-07,106.6417985739658
369,2016-06-08,105.51215249647146
370,2016-06-09,104.06032858632388
371,2016-06-10,102.10928069310073
372,2016-06-13,101.66843307868938
373,2016-06-14,102.08976839100565
374,2016-06-15,101.758324203316
375,2016-06-16,102.03087295119515
376,2016-06-17,100.29548292818922
377,2016-06-20,102.44304395669582
378,2016-06-21,102.4152207997054
379,2016-06-22,102.75314201777542
380,2016-06-23,105.22302618798467
381,2016-06-24,96.61753584642855
382,2016-06-27,92.37605028854637
383,2016-06-28,94.35134002817891
384,2016-06-29,97.37621449220197
385,2016-06-30,98.10084551489334
386,2016-07-01,98.10084551489334
387,2016-07-05,96.5728125360211
388,2016-07-06,96.56968608772245
389,2016-07-07,98.21916886656541
390,2016-07-08,101.4156812869792
391,2016-07-11,104.7261138302575
392,2016-07-12,108.06045721296138
393,2016-07-13,106.8166554070737
394,2016-07-14,108.3334533860096
395,2016-07-15,107.41928955144503
396,2016-07-18,107.36593432141574
397,2016-07-19,107.13550594150283
398,2016-07-20,109.01637950213691
399,2016-07-21,106.36247714766569
400,2016-07-22,108.35437437538748
401,2016-07-25,108.89541665049144
402,2016-07-26,109.010082098852
403,2016-07-27,110.73386348920152
404,2016-07-28,112.54338035818444
405,2016-07-29,114.83383682020816
406,2016-08-01,115.0392226463835
407,2016-08-02,113.2139259861668
408,2016-08-03,113.23268176454981
409,2016-08-04,117.37436166924441
410,2016-08-05,118.81375554778491
411,2016-08-08,118.50072842965533
412,2016-08-09,119.62298785921787
413,2016-08-10,119.69120012000683
414,2016-08-11,120.7868634210102
415,2016-08-12,121.07502288090123
416,2016-08-15,121.68095369868071
417,2016-08-16,118.9167751795224
418,2016-08-17,117.56685193115464
419,2016-08-18,118.11247579713296
420,2016-08-19,118.58821449940312
421,2016-08-22,115.85996707162595
422,2016-08-23,117.76754039218123
423,2016-08-24,116.59568276265496
424,2016-08-25,120.61154109070772
425,2016-08-26,119.77525060569963
426,2016-08-29,119.6819794071126
427,2016-08-30,120.95973314125773
428,2016-08-31,120.8866896837333
429,2016-09-01,123.39149818987059
430,2016-09-02,124.78734774988838
431,2016-09-06,126.08008904379338
432,2016-09-07,126.24947819267373
433,2016-09-08,124.81353718409835
434,2016-09-09,121.37378700111351
435,2016-09-12,123.0037020387343
436,2016-09-13,121.05071250654483
437,2016-09-14,122.8863282171221
438,2016-09-15,124.8593886245247
439,2016-09-16,125.77614283328374
440,2016-09-19,124.68330125930449
441,2016-09-20,125.29868064574394
442,2016-09-21,128.0572629081374
443,2016-09-22,129.40617480937942
444,2016-09-23,127.73786028894176
445,2016-09-26,125.9955876250566
446,2016-09-27,126.9585172631397
447,2016-09-28,128.75736146764413
448,2016-09-29,127.86531688914066
449,2016-09-30,130.0162077998498
450,2016-10-03,129.36862454745958
451,2016-10-04,129.29865225790599
452,2016-10-05,130.7406834039631
453,2016-10-06,129.7530091052989
454,2016-10-07,128.85316915297366
455,2016-10-10,130.024626412336
456,2016-10-11,125.63314958630707
457,2016-10-12,124.57713357343177
458,2016-10-13,123.21953218043357
459,2016-10-14,122.78557429682444
460,2016-10-17,120.66889416452467
461,2016-10-18,125.98398182981052
462,2016-10-19,127.04926280414082
463,2016-10-20,127.15215530734379
464,2016-10-21,127.8240873811965
465,2016-10-24,128.59197211344812
466,2016-10-25,126.92659405027946
467,2016-10-26,125.01840025412642
468,2016-10-27,124.15541386931623
469,2016-10-28,124.39685843363691
470,2016-10-31,124.48619074199799
471,2016-11-01,122.5340808354389
472,2016-11-02,118.10125021763325
473,2016-11-03,118.70316033539834
474,2016-11-04,119.24590872998796
475,2016-11-07,124.07509376528611
476,2016-11-08,124.31079310355543
477,2016-11-09,125.42069063042733
478,2016-11-10,125.04568426588011
479,2016-11-11,126.18777194497605
480,2016-11-14,123.08184293884418
481,2016-11-15,124.05337408209252
482,2016-11-16,124.54265979383797
483,2016-11-17,126.8880585764026
484,2016-11-18,127.17058554160032
485,2016-11-21,127.66887709218018
486,2016-11-22,127.34082549171342
487,2016-11-23,127.49977311253758
488,2016-11-25,127.63398562330426
489,2016-11-28,127.62152169497973
490,2016-11-29,126.82501609082787
491,2016-11-30,126.44245572491462
492,2016-12-01,121.7782899897952
493,2016-12-02,114.1195104041119
494,2016-12-05,116.29563078660907
495,2016-12-06,116.48543006896519
496,2016-12-07,115.72482020783566
497,2016-12-08,114.9204119954161
498,2016-12-09,112.77537723861177
499,2016-12-12,111.01338216799978
500,2016-12-13,111.62840000909841
501,2016-12-14,109.50328438892586
502,2016-12-15,108.6926814332411
503,2016-12-16,109.30937616661569
504,2016-12-19,109.6752494370665
505,2016-12-20,109.3384680347874
506,2016-12-21,108.20369256641656
507,2016-12-22,106.56039577122854
508,2016-12-23,106.3511511501251
509,2016-12-27,107.96868770574248
510,2016-12-28,106.0083417692587
511,2016-12-29,106.55035874161815
512,2016-12-30,105.69673877575273
513,2017-01-03,105.69673877575273
514,2017-01-04,107.4585707458628
515,2017-01-05,109.53877658241917
516,2017-01-06,110.63078733314993
517,2017-01-09,111.25688713875476
518,2017-01-10,111.79803057563613
519,2017-01-11,112.26770768962491
520,2017-01-12,111.67356691965381
521,2017-01-13,112.35341454298215
522,2017-01-17,112.38600430324394
523,2017-01-18,112.30675203595659
524,2017-01-19,111.86010743509942
525,2017-01-20,112.31742405299896
526,2017-01-23,112.81578116994709
527,2017-01-24,113.56915114909258
528,2017-01-25,115.3359512859931
529,2017-01-26,114.91521843748549
530,2017-01-27,115.63991000579617
531,2017-01-30,115.10752850764285
532,2017-01-31,114.50732296480548
533,2017-02-01,115.29986986336505
534,2017-02-02,115.18302188146346
535,2017-02-03,115.7483855400204
536,2017-02-06,115.88848611956529
537,2017-02-07,116.3417693649078
538,2017-02-08,116.80577248453491
539,2017-02-09,118.2729319661476
540,2017-02-10,120.28502162484638
541,2017-02-13,119.92504731504955
542,2017-02-14,119.67935185480064
543,2017-02-15,120.88293834516179
544,2017-02-16,120.91404645891114
545,2017-02-17,120.5733635725274
546,2017-02-21,121.91401503887086
547,2017-02-22,122.44023057705088
548,2017-02-23,121.8264005199794
549,2017-02-24,121.36227727117495
550,2017-02-27,121.45266406707245
551,2017-02-28,124.39834649009201
552,2017-03-01,125.37095033556953
553,2017-03-02,124.4198983926389
554,2017-03-03,124.44327363434451
555,2017-03-06,123.91179080318628
556,2017-03-07,124.22893092009573
557,2017-03-08,124.46591916947345
558,2017-03-09,124.99725319804166
559,2017-03-10,126.17193699724105
560,2017-03-13,128.53570689418305
561,2017-03-14,128.92622635805625
562,2017-03-15,129.42611728912155
563,2017-03-16,130.12891342821
564,2017-03-17,130.08522732820583
565,2017-03-20,129.8166339841242
566,2017-03-21,127.1506577053412
567,2017-03-22,126.75242469464138
568,2017-03-23,127.42720692321441
569,2017-03-24,127.98692085748569
570,2017-03-27,128.58301847423175
571,2017-03-28,129.18028328892203
572,2017-03-29,128.7936006562377
573,2017-03-30,128.76589849419963
574,2017-03-31,128.73077094488386
575,2017-04-03,128.70387975446502
576,2017-04-04,127.96480772198507
577,2017-04-05,127.56373765866788
578,2017-04-06,128.19091551237062
579,2017-04-07,128.6305935572143
580,2017-04-10,129.1706984989842
581,2017-04-11,128.4958676272504
582,2017-04-12,127.657990048858
583,2017-04-13,127.53745101400756
584,2017-04-17,129.4056991463129
585,2017-04-18,129.50464396732738
586,2017-04-19,129.09980683309112
587,2017-04-20,129.25845094549075
588,2017-04-21,128.82897038240904
589,2017-04-24,131.30486432521113
590,2017-04-25,132.50021923374965
591,2017-04-26,132.7851982969151
592,2017-04-27,134.920193526497
593,2017-04-28,135.3591135233009
594,2017-05-01,137.54662506697898
595,2017-05-02,138.2296427041698
596,2017-05-03,138.96518542810543
597,2017-05-04,140.07963339543298
598,2017-05-05,140.08992221240322
599,2017-05-08,139.9523058740372
600,2017-05-09,141.45936728689065
601,2017-05-10,138.5440909627003
602,2017-05-11,136.71216463029637
603,2017-05-12,137.59093588451185
604,2017-05-15,138.0841780367072
605,2017-05-16,139.36113327664228
606,2017-05-17,135.25976763086263
607,2017-05-18,135.92554377757088
608,2017-05-19,136.66223425449996
609,2017-05-22,137.67255165786003
610,2017-05-23,137.24174764648825
611,2017-05-24,137.7912097246741
612,2017-05-25,138.8978678477229
613,2017-05-26,138.84504953416624
614,2017-05-30,138.5583489004156
615,2017-05-31,139.44148710304754
616,2017-06-01,141.4513335042621
617,2017-06-02,141.64112929311298
618,2017-06-05,141.83330264250196
619,2017-06-06,141.7827739411714
620,2017-06-07,141.94982857873984
621,2017-06-08,143.07446208162597
622,2017-06-09,137.92832469770275
623,2017-06-12,135.91185616257056
624,2017-06-13,137.77066171136124
625,2017-06-14,136.0037082229736
626,2017-06-15,133.85922896464368
627,2017-06-16,134.3700881968762
628,2017-06-19,137.57170730907848
629,2017-06-20,136.73845087258317
630,2017-06-21,138.2856126013626
631,2017-06-22,138.7981160424651
632,2017-06-23,140.03511247184622
633,2017-06-26,139.56325658405015
634,2017-06-27,137.1973100716083
635,2017-06-28,139.81262328070866
636,2017-06-29,138.01436163958337
637,2017-06-30,138.07924516539407
638,2017-07-03,138.07924516539407
639,2017-07-05,139.75736608621972
640,2017-07-06,137.52903731795934
641,2017-07-07,139.35302593917478
642,2017-07-10,140.0111395261481
643,2017-07-11,140.67023933887157
644,2017-07-12,143.02168897237908
645,2017-07-13,142.75707694945933
646,2017-07-14,143.22501714290567
647,2017-07-17,142.44469359461183
648,2017-07-18,142.49285271955992
649,2017-07-19,144.17649347159227
650,2017-07-20,143.90770213319666
651,2017-07-21,143.4118491313453
652,2017-07-24,144.83974101263775
653,2017-07-25,144.94782271019767
654,2017-07-26,145.80504526006183
655,2017-07-27,144.60028029985165
656,2017-07-28,143.14180648870476
657,2017-07-31,142.468669377474
658,2017-08-01,142.64446727504574
659,2017-08-02,141.00328257045334
660,2017-08-03,140.42244651041017
661,2017-08-04,141.19708655963834
662,2017-08-07,141.1180781238161
663,2017-08-08,140.99424934661894
664,2017-08-09,141.10045402444496
665,2017-08-10,138.30906152288702
666,2017-08-11,138.866446365348
667,2017-08-14,140.90168294187583
668,2017-08-15,139.48622680491485
669,2017-08-16,141.42319440528507
670,2017-08-17,138.59497371067675
671,2017-08-18,137.25541969003865
672,2017-08-21,138.30264680721126
673,2017-08-22,141.4644347295822
674,2017-08-23,139.99458864784057
675,2017-08-24,140.1205391933208
676,2017-08-25,140.08559507064183
677,2017-08-28,140.6700962356389
678,2017-08-29,141.19352492472927
679,2017-08-30,144.9398627410988
680,2017-08-31,147.144051366193
681,2017-09-01,146.72241621730126
682,2017-09-05,145.9135981565236
683,2017-09-06,146.55362813212338
684,2017-09-07,147.38771364530365
685,2017-09-08,147.05647188033282
686,2017-09-11,148.16319097788698
687,2017-09-12,147.95326457392287
688,2017-09-13,147.7984717702978
689,2017-09-14,147.23850397934697
690,2017-09-15,146.85083550715035
691,2017-09-18,147.39766515677528
692,2017-09-19,148.14119405972573
693,2017-09-20,149.22231906171896
694,2017-09-21,147.9030464456472
695,2017-09-22,148.16373261739264
696,2017-09-25,146.6509338731013
697,2017-09-26,146.29349580259748
698,2017-09-27,146.5601666962448
699,2017-09-28,145.23720969404525
700,2017-09-29,146.0571933502173
701,2017-10-02,146.21568924122232
702,2017-10-03,146.64430883762395
703,2017-10-04,147.06219197249803
704,2017-10-05,148.02466541185927
705,2017-10-06,149.47686093815912
706,2017-10-09,148.49812958206624
707,2017-10-10,147.83744787535932
708,2017-10-11,148.1843242978181
709,2017-10-12,149.31287810497005
710,2017-10-13,149.7409479202948
711,2017-10-16,148.58782964225387
712,2017-10-17,149.0997810400447
713,2017-10-18,149.22355444489958
714,2017-10-19,148.90390070289322
715,2017-10-20,150.2525052468776
716,2017-10-23,148.999395480937
717,2017-10-24,150.12563459644605
718,2017-10-25,149.1335955801216
719,2017-10-26,150.19792686775716
720,2017-10-27,151.94901823597635
721,2017-10-30,150.97039003252533
722,2017-10-31,153.3455565317014
723,2017-11-01,153.0791592797896
724,2017-11-02,153.65587152425755
725,2017-11-03,154.2501122251448
726,2017-11-06,155.45847375441588
727,2017-11-07,153.75743131641963
728,2017-11-08,153.504463336717
729,2017-11-09,150.80256510873238
730,2017-11-10,152.1114763851171
731,2017-11-13,153.2364365087544
732,2017-11-14,153.8162601059886
733,2017-11-15,152.77474088201876
734,2017-11-16,155.25211788516748
735,2017-11-17,156.13343109533704
736,2017-11-20,157.42411522758545
737,2017-11-21,155.04883068420253
738,2017-11-22,158.51093426522496
739,2017-11-24,160.9370200787393
740,2017-11-27,160.97368301305372
741,2017-11-28,162.1286297435042
742,2017-11-29,158.13622687810877
743,2017-11-30,159.75281843873745
744,2017-12-01,159.8370975201165
745,2017-12-04,159.38255597454526
746,2017-12-05,160.75405553076362
747,2017-12-06,162.76558151749424
748,2017-12-07,164.586148868303
749,2017-12-08,164.20266532689502
750,2017-12-11,164.06179100606082
751,2017-12-12,163.9089386453252
752,2017-12-13,164.90560070372655
753,2017-12-14,166.114820901996
754,2017-12-15,167.50622869374152
755,2017-12-18,168.64431749281414
756,2017-12-19,166.65680565782156
757,2017-12-20,166.5527110516426
758,2017-12-21,166.47355132975747
759,2017-12-22,166.07134177460634
760,2017-12-26,166.68614827011217
761,2017-12-27,165.79051851729977
762,2017-12-28,164.8684758141188
763,2017-12-29,163.72060692852884
764,2018-01-02,163.72060692852884
765,2018-01-03,165.64162234554493
766,2018-01-04,165.1868015415199
767,2018-01-05,167.20765834365932
768,2018-01-08,169.51508268553803
769,2018-01-09,170.26214225287674
770,2018-01-10,171.25143277403885
771,2018-01-11,172.85030216972987
772,2018-01-12,175.2254751489957
773,2018-01-16,174.97132254506997
774,2018-01-17,176.93705780976958
775,2018-01-18,175.9947556598861
776,2018-01-19,177.06238866562745
777,2018-01-22,176.96780305797296
778,2018-01-23,180.0544859993867
779,2018-01-24,178.60627910575263
780,2018-01-25,178.25534964341944
781,2018-01-26,178.93182707510144
782,2018-01-29,176.12403052401643
783,2018-01-30,174.60172991464387
784,2018-01-31,174.37028815799337
785,2018-02-01,173.1363320862869
786,2018-02-02,169.70849989501602
787,2018-02-05,166.05101332885988
788,2018-02-06,169.97455776819365
789,2018-02-07,171.89649633872165
790,2018-02-08,165.1606924127116
791,2018-02-09,163.05004710037898
792,2018-02-12,167.8310268871146
793,2018-02-13,169.08502939712693
794,2018-02-14,172.50196937713352
795,2018-02-15,176.5168303101607
796,2018-02-16,177.80874765714097
797,2018-02-20,179.38331807844835
798,2018-02-21,178.320546101503
799,2018-02-22,177.52648309224185
800,2018-02-23,180.04108492859217
801,2018-02-26,180.82356838394278
802,2018-02-27,180.03732368568276
803,2018-02-28,186.39608889555322
804,2018-03-01,184.70429202086447
805,2018-03-02,186.6975015468794
806,2018-03-05,189.2251711135403
807,2018-03-06,190.72093174451834
808,2018-03-07,191.96400838263114
809,2018-03-08,192.86806893899038
810,2018-03-09,195.58256630041816
811,2018-03-12,197.54395536840835
812,2018-03-13,195.55218329473433
813,2018-03-14,200.2220743216621
814,2018-03-15,198.15142546606964
815,2018-03-16,198.3070625273375
816,2018-03-19,195.86297433183475
817,2018-03-20,195.814721463952
818,2018-03-21,197.4099130670169
819,2018-03-22,194.35709771634845
820,2018-03-23,190.8231881839776
821,2018-03-26,196.1903852785983
822,2018-03-27,191.06039421885487
823,2018-03-28,189.43004353945508
824,2018-03-29,192.48554363722505
825,2018-04-02,188.00188995802725
826,2018-04-03,190.94987961989034
827,2018-04-04,191.62718547700743
828,2018-04-05,194.37656682008773
829,2018-04-06,189.55441038343113
830,2018-04-09,191.5069977657876
831,2018-04-10,194.48117426659368
832,2018-04-11,193.17618296316013
833,2018-04-12,194.1577842527125
834,2018-04-13,193.72120312593512
835,2018-04-16,197.75189332784282
836,2018-04-17,205.66321688873137
837,2018-04-18,207.1171616703026
838,2018-04-19,205.2375794538669
839,2018-04-20,202.6074848866058
840,2018-04-23,202.90615787639
841,2018-04-24,195.9905566334824
842,2018-04-25,196.74431344644796
843,2018-04-26,198.6919759588209
844,2018-04-27,199.82187655772407
845,2018-04-30,200.60903221151605
846,2018-05-01,201.45981637449205
847,2018-05-02,200.8541778830708
848,2018-05-03,201.0020636782797
849,2018-05-04,202.8627388253444
850,2018-05-07,204.59530852790311
851,2018-05-08,202.61531965494936
852,2018-05-09,204.98241334803274
853,2018-05-10,201.72516998399385
854,2018-05-11,201.08697640071438
855,2018-05-14,199.28673760041184
856,2018-05-15,198.55785419578564
857,2018-05-16,199.18693545515214
858,2018-05-17,199.91766173107428
859,2018-05-18,199.98884917029648
860,2018-05-21,200.32763710603058
861,2018-05-22,200.34314889302348
862,2018-05-23,201.1974048291834
863,2018-05-24,201.28278197893528
864,2018-05-25,202.5429034589156
865,2018-05-29,202.6786903705091
866,2018-05-30,205.64813771893986
867,2018-05-31,206.68983064671843
868,2018-06-01,208.8818892982817
869,2018-06-04,211.50516574984212
870,2018-06-05,214.6037397426765
871,2018-06-06,217.52045426308038
872,2018-06-07,216.54186705385803
873,2018-06-08,218.3601160877556
874,2018-06-11,218.68837287965374
875,2018-06-12,221.1685465458945
876,2018-06-13,218.50895271472123
877,2018-06-14,222.2148777771383
878,2018-06-15,224.9259891908658
879,2018-06-18,227.28259981791297
880,2018-06-19,226.55669573447582
881,2018-06-20,225.22543348137242
882,2018-06-21,221.90437429113214
883,2018-06-22,221.02658568421765
884,2018-06-25,213.85336187127498
885,2018-06-26,214.92290674332497
886,2018-06-27,210.77672466163082
887,2018-06-28,213.50376346270087
888,2018-06-29,214.0017738008092
889,2018-07-02,214.0017738008092
890,2018-07-03,213.5280024131475
891,2018-07-05,213.84536703611408
892,2018-07-06,217.11336675128112
893,2018-07-09,216.77203089550318
894,2018-07-10,217.11440579577513
895,2018-07-11,218.08165064661495
896,2018-07-12,222.45050317629375
897,2018-07-13,221.61028623136812
898,2018-07-16,220.61242024365924
899,2018-07-17,222.6669653417373
900,2018-07-18,223.6986087378674
901,2018-07-19,220.92518402430466
902,2018-07-20,220.4237899737435
903,2018-07-23,221.48161305543775
904,2018-07-24,218.87684882697914
905,2018-07-25,221.61527697658718
906,2018-07-26,220.55644519281483
907,2018-07-27,215.87817334679897
908,2018-07-30,208.42717788027585
909,2018-07-31,209.37861834001825
910,2018-08-01,210.41909516354008
911,2018-08-02,213.0747631478311
912,2018-08-03,211.37406801247332
913,2018-08-06,214.27973436055117
914,2018-08-07,216.51929933331186
915,2018-08-08,216.82692466745905
916,2018-08-09,218.58499634616035
917,2018-08-10,218.6805881202257
918,2018-08-13,216.97424169273907
919,2018-08-14,216.98722751836976
920,2018-08-15,216.63609404708072
921,2018-08-16,217.44027519246518
922,2018-08-17,217.16677187014108
923,2018-08-20,218.2477354126828
924,2018-08-21,220.25683429215263
925,2018-08-22,221.23921618791593
926,2018-08-23,222.79158990667003
927,2018-08-24,226.1381654370895
928,2018-08-27,225.28831386900737
929,2018-08-28,227.129266239344
930,2018-08-29,228.03735162077697
931,2018-08-30,228.33817330207515
932,2018-08-31,229.26369844179555
933,2018-09-04,230.48497815357487
934,2018-09-05,223.14857317941676
935,2018-09-06,226.14923883426124
936,2018-09-07,225.76276303459528
937,2018-09-10,227.0642422983349
938,2018-09-11,229.13352875141464
939,2018-09-12,229.35311006437166
940,2018-09-13,231.4546714316183
941,2018-09-14,231.45220828226516
942,2018-09-17,226.53464288541335
943,2018-09-18,228.16162140250762
944,2018-09-19,220.158026775379
945,2018-09-20,221.62895087307123
946,2018-09-21,218.0655990299344
947,2018-09-24,216.73376876223347
948,2018-09-25,218.18605632261873
949,2018-09-26,219.45145271709248
950,2018-09-27,219.9802590298697
951,2018-09-28,221.47437697302428
952,2018-10-01,221.81075654236372
953,2018-10-02,219.44444170424765
954,2018-10-03,223.38085943399932
955,2018-10-04,216.4685576928334
956,2018-10-05,214.3086495060427
957,2018-10-08,208.56193086006033
958,2018-10-09,209.9648532885616
959,2018-10-10,198.4403147989909
960,2018-10-11,196.85301553999327
961,2018-10-12,207.23975909747173
962,2018-10-15,203.6666256068254
963,2018-10-16,208.42292362145912
964,2018-10-17,211.2964263959523
965,2018-10-18,203.9337646572302
966,2018-10-19,201.48120650325197
967,2018-10-22,204.61746589149783
968,2018-10-23,201.14285834407937
969,2018-10-24,191.41129475081388
970,2018-10-25,197.4750010148722
971,2018-10-26,192.5666947570253
972,2018-10-29,191.3087614364646
973,2018-10-30,195.759979436121
974,2018-10-31,203.4256372346874
975,2018-11-01,207.78687970988986
976,2018-11-02,206.3802981124565
977,2018-11-05,205.71007366883077
978,2018-11-06,205.78017056713435
979,2018-11-07,214.3426647121988
980,2018-11-08,210.0204924210324
981,2018-11-09,205.3741374833917
982,2018-11-12,198.34768785317218
983,2018-11-13,198.01549484546058
984,2018-11-14,197.43710003278852
985,2018-11-15,201.42468598318942
986,2018-11-16,199.57486315171298
987,2018-11-19,189.14523955111738
988,2018-11-20,186.43947411140167
989,2018-11-21,192.9071621397047
990,2018-11-23,191.57520769565596
991,2018-11-26,197.6729860748234
992,2018-11-27,196.60277983648115
993,2018-11-28,205.47492932202888
994,2018-11-29,204.94292839130898
995,2018-11-30,212.8037578557404
996,2018-12-03,214.9088301640041
997,2018-12-04,209.7079778300404
998,2018-12-06,211.47380775946158
999,2018-12-07,203.4196141783381
1000,2018-12-10,206.2157653978186
1001,2018-12-11,206.78389334955932
1002,2018-12-12,210.20342278369824
1003,2018-12-13,209.09099802749338
1004,2018-12-14,203.6891646100113
1005,2018-12-17,198.0220401885602
1006,2018-12-18,198.54402542149566
1007,2018-12-19,195.97109753451812
1008,2018-12-20,192.55631876316548
1009,2018-12-21,186.85690020234355
1010,2018-12-24,184.5331054148744
1011,2018-12-26,195.74934845507195
1012,2018-12-27,200.0356168625581
1013,2018-12-28,198.78346271318
1014,2018-12-31,198.9816110090425
1015,2019-01-02,198.9816110090425
1016,2019-01-03,191.40497656371804
1017,2019-01-04,199.69014758619093
1018,2019-01-07,203.65197985510045
1019,2019-01-08,205.44653921021796
1020,2019-01-09,204.04191467730573
1021,2019-01-10,205.23867475613022
1022,2019-01-11,205.5194860098332
1023,2019-01-14,206.1997767740436
1024,2019-01-15,209.36028965131547
1025,2019-01-16,208.21910072190767
1026,2019-01-17,212.965447812818
1027,2019-01-18,218.39763235364458
1028,2019-01-22,211.39998085334557
1029,2019-01-23,213.37857355013517
1030,2019-01-24,219.39725469800197
1031,2019-01-25,222.13250035335759
1032,2019-01-28,221.73389376027933
1033,2019-01-29,219.15043559539004
1034,2019-01-30,222.60628155175638
1035,2019-01-31,225.6079089599924
1036,2019-02-01,225.98398372351602
1037,2019-02-04,228.77166261147028
1038,2019-02-05,232.1288043791124
1039,2019-02-06,231.67661128044585
1040,2019-02-07,226.8775431636174
1041,2019-02-08,228.30138511988758
1042,2019-02-11,228.43712062761483
1043,2019-02-12,234.0088853106374
1044,2019-02-13,234.47945357845242
1045,2019-02-14,233.2828318610277
1046,2019-02-15,235.06837977753096
1047,2019-02-19,236.40560595860737
1048,2019-02-20,235.8347506418756
1049,2019-02-21,232.36553699918187
1050,2019-02-22,236.70502498679332
1051,2019-02-25,237.92796051058082
1052,2019-02-26,241.28569599085418
1053,2019-02-27,242.00679784675393
1054,2019-02-28,231.1032954877092
1055,2019-03-01,233.00842799301776
1056,2019-03-04,230.81367322439115
1057,2019-03-05,242.51223812494436
1058,2019-03-06,243.92758602808607
1059,2019-03-07,239.48356538940587
1060,2019-03-08,239.3822539235218
1061,2019-03-11,242.6973771294647
1062,2019-03-12,243.91703370325945
1063,2019-03-13,246.73181589759093
1064,2019-03-14,245.9316833797472
1065,2019-03-15,246.16509187390616
1066,2019-03-18,246.99313728478987
1067,2019-03-19,247.72898465297652
1068,2019-03-20,247.75268051473302
1069,2019-03-21,249.79184788564336
1070,2019-03-22,239.8793667710562
1071,2019-03-25,243.04461776629287
1072,2019-03-26,244.9517176724873
1073,2019-03-27,243.28154078538088
1074,2019-03-28,242.88944392511274
1075,2019-03-29,245.00875916109962
1076,2019-04-01,247.62321675834525
1077,2019-04-02,250.28097634398947
1078,2019-04-03,251.63250433804674
1079,2019-04-04,249.03599903093763
1080,2019-04-05,249.38062539948749
1081,2019-04-08,249.67260625941458
1082,2019-04-09,249.7312807241747
1083,2019-04-10,252.34328357932364
1084,2019-04-11,253.11317823020516
1085,2019-04-12,255.355863720525
1086,2019-04-15,254.8865509030572
1087,2019-04-16,255.08142919295483
1088,2019-04-17,252.41615986561325
1089,2019-04-18,252.254922287389
1090,2019-04-22,253.22685343656215
1091,2019-04-23,257.81645468684917
1092,2019-04-24,255.78671875345103
1093,2019-04-25,256.979132265645
1094,2019-04-26,261.36764300519906
1095,2019-04-29,264.508294028468
1096,2019-04-30,262.30866783913723
1097,2019-05-01,259.14816854807776
1098,2019-05-02,256.8472391470878
1099,2019-05-03,260.4773181466897
1100,2019-05-06,256.8111663188377
1101,2019-05-07,252.78793529745434
1102,2019-05-08,249.97992288248304
1103,2019-05-09,248.98001472027306
1104,2019-05-10,251.4684461942353
1105,2019-05-13,241.88691364058405
1106,2019-05-14,246.9939231332881
1107,2019-05-15,247.72026448178605
1108,2019-05-16,251.6137882654777
1109,2019-05-17,247.03658604119173
1110,2019-05-20,243.33995696073526
1111,2019-05-21,248.09806068941018
1112,2019-05-22,245.32702499262425
1113,2019-05-23,240.40382130530807
1114,2019-05-24,237.84517226139036
1115,2019-05-28,236.63434034177004
1116,2019-05-29,233.61552252743337
1117,2019-05-30,234.10315463820606
1118,2019-05-31,231.8623289148873
1119,2019-06-03,227.56740025465993
1120,2019-06-04,236.8682945215257
1121,2019-06-05,238.00994265476098
1122,2019-06-06,238.26651199286908
1123,2019-06-07,241.03388432138325
1124,2019-06-10,242.74987452196754
1125,2019-06-11,244.1781303002216
1126,2019-06-12,244.02864756312573
1127,2019-06-13,245.03949992425459
1128,2019-06-14,241.4276721165405
1129,2019-06-17,244.87581636246364
1130,2019-06-18,250.14853453809852
1131,2019-06-19,253.21799293511376
1132,2019-06-20,256.017155619666
1133,2019-06-21,255.08779148346895
1134,2019-06-24,251.49890801515016
1135,2019-06-25,246.09015949823402
1136,2019-06-26,246.18529018423104
1137,2019-06-27,249.93019239438192
1138,2019-06-28,251.49372923470568
1139,2019-07-01,251.49372923470568
1140,2019-07-02,253.0802140047559
1141,2019-07-03,255.88519610004215
1142,2019-07-05,256.6120202560705
1143,2019-07-08,253.81029849657332
1144,2019-07-09,255.30413768592248
1145,2019-07-10,257.6651843744121
1146,2019-07-11,258.8009391942941
1147,2019-07-12,261.3314184233453
1148,2019-07-15,261.7945030716338
1149,2019-07-16,259.89413474519586
1150,2019-07-17,259.6569232426529
1151,2019-07-18,261.48931736471513
1152,2019-07-19,258.74334554148174
1153,2019-07-22,260.69859062484625
1154,2019-07-23,263.54236469399183
1155,2019-07-24,265.10500910786385
1156,2019-07-25,265.1990161245758
1157,2019-07-26,265.1396338013982
1158,2019-07-29,264.717186348125
1159,2019-07-30,263.10002893172395
1160,2019-07-31,261.2082904368501
1161,2019-08-01,258.53395098032405
1162,2019-08-02,258.0172370274939
1163,2019-08-05,246.95268834611736
1164,2019-08-06,250.76018411763516
1165,2019-08-07,249.47587692412745
1166,2019-08-08,256.4998323773256
1167,2019-08-09,254.04824089744596
1168,2019-08-12,249.8605686228917
1169,2019-08-13,254.44983173372668
1170,2019-08-14,243.41672528900307
1171,2019-08-15,243.18386607863098
1172,2019-08-16,246.57471748950695
1173,2019-08-19,251.88951051370395
1174,2019-08-20,252.12971869727576
1175,2019-08-21,254.8870027866996
1176,2019-08-22,252.2633967258793
1177,2019-08-23,250.33975924197503
1178,2019-08-26,253.266005335556
1179,2019-08-27,251.62822426883278
1180,2019-08-28,251.73418794674984
1181,2019-08-29,255.95384875434112
1182,2019-08-30,257.66787036700657
1183,2019-09-03,253.60099355059367
1184,2019-09-04,257.23804979217164
1185,2019-09-05,261.7388481992055
1186,2019-09-06,259.16213467956675
1187,2019-09-09,252.60785109798715
1188,2019-09-10,246.91018616393706
1189,2019-09-11,249.82991351579787
1190,2019-09-12,249.2985576709877
1191,2019-09-13,248.7190648671993
1192,2019-09-16,249.50096674549454
1193,2019-09-17,251.33599086910445
1194,2019-09-18,247.96858766230295
1195,2019-09-19,247.50944622564037
1196,2019-09-20,246.64366571064556
1197,2019-09-23,244.3619082043309
1198,2019-09-24,239.1915738655127
1199,2019-09-25,241.2441243307058
1200,2019-09-26,239.79255943393005
1201,2019-09-27,234.0960738468457
1202,2019-09-30,235.47611144578104
1203,2019-10-01,234.1134514861285
1204,2019-10-02,232.37370021760705
1205,2019-10-03,236.21891985725074
1206,2019-10-04,238.646294371853
1207,2019-10-07,237.5387351870838
1208,2019-10-08,231.66611288893228
1209,2019-10-09,233.81136284595837
1210,2019-10-10,236.34809237650785
1211,2019-10-11,240.96551924145584
1212,2019-10-14,239.34901843612525
1213,2019-10-15,242.28163629973764
1214,2019-10-16,239.53259267758958
1215,2019-10-17,238.57328947632374
1216,2019-10-18,233.94273908889514
1217,2019-10-21,236.66737931667046
1218,2019-10-22,231.9630703078446
1219,2019-10-23,232.1900334563564
1220,2019-10-24,234.34960459995057
1221,2019-10-25,235.15650135476469
1222,2019-10-28,236.45027869101153
1223,2019-10-29,234.58235825984997
1224,2019-10-30,236.51116139214705
1225,2019-10-31,233.17381347254332
1226,2019-11-01,230.53589880740165
1227,2019-11-04,231.77166293210905
1228,2019-11-05,232.07475710840342
1229,2019-11-06,230.80949789560145
1230,2019-11-07,233.0545837274924
1231,2019-11-08,230.64419130839502
1232,2019-11-11,230.84726565772453
1233,2019-11-12,231.778535236513
1234,2019-11-13,231.56978665132755
1235,2019-11-14,230.67113147747907
1236,2019-11-15,231.09561142912364
1237,2019-11-18,231.91878387252626
1238,2019-11-19,234.61609316269767
1239,2019-11-20,233.772881848674
1240,2019-11-21,231.9349469956134
1241,2019-11-22,228.6000199646447
1242,2019-11-25,229.00940536496245
1243,2019-11-26,234.594609467729
1244,2019-11-27,234.3552900411751
1245,2019-11-29,232.25708295473544
1246,2019-12-02,227.77736278777618
1247,2019-12-03,225.65207471977772
1248,2019-12-04,225.12734744394155
1249,2019-12-05,226.24661619732316
1250,2019-12-06,229.28141279592612
1251,2019-12-09,227.37366575175952
1252,2019-12-10,225.4660024060996
1253,2019-12-11,226.17613071867618
1254,2019-12-12,228.28890995719482
1255,2019-12-13,232.73568674720119
1256,2019-12-16,235.682267949557
1257,2019-12-17,233.72625421816718
1258,2019-12-18,235.49064875459788
1259,2019-12-19,236.88528362181788
1260,2019-12-20,239.12450534813658
1261,2019-12-23,238.44169157911307
1262,2019-12-24,237.6610802344755
1263,2019-12-26,239.07976654605508
1264,2019-12-27,238.8688993342145
1265,2019-12-30,235.24179308987425
1266,2019-12-31,234.78410017902914
1267,2020-01-02,234.78410017902914
1268,2020-01-03,232.89379658301863
1269,2020-01-06,234.46622485842005
1270,2020-01-07,234.15796148963267
1271,2020-01-08,235.3606330458511
1272,2020-01-09,237.67281694829506
1273,2020-01-10,237.09298428136472
1274,2020-01-13,243.892975432174
1275,2020-01-14,240.5860407541537
1276,2020-01-15,241.86007408804477
1277,2020-01-16,241.80855969666362
1278,2020-01-17,239.47949132835774
1279,2020-01-21,240.3920010779924
1280,2020-01-22,240.58151146520106
1281,2020-01-23,239.64097458045936
1282,2020-01-24,239.92688798610575
1283,2020-01-27,239.43839234564194
1284,2020-01-28,242.45853708968272
1285,2020-01-29,239.5819769904175
1286,2020-01-30,240.40534063288277
1287,2020-01-31,234.79893481266748
1288,2020-02-03,243.47397325576762
1289,2020-02-04,248.5680234461162
1290,2020-02-05,242.75686492701942
1291,2020-02-06,245.97816985449194
1292,2020-02-07,244.96294012161192
1293,2020-02-10,247.64230196669735
1294,2020-02-11,244.72952649354554
1295,2020-02-12,247.8245916318503
1296,2020-02-13,253.66010201899903
1297,2020-02-14,255.1441499457892
1298,2020-02-18,259.3504931903592
1299,2020-02-19,268.60817017465314
1300,2020-02-20,266.709274966029
1301,2020-02-21,263.03722139889356
1302,2020-02-24,255.94364324743896
1303,2020-02-25,249.8288014164081
1304,2020-02-26,250.2783948189247
1305,2020-02-27,242.27414940241084
1306,2020-02-28,240.32768033943518
1307,2020-03-02,241.22407950466578
1308,2020-03-03,234.66482517733928
1309,2020-03-04,241.249286945454
1310,2020-03-05,232.32594575367705
1311,2020-03-06,221.05213801929347
1312,2020-03-09,198.01822331030866
1313,2020-03-10,204.7145160477612
1314,2020-03-11,189.26107547324878
1315,2020-03-12,164.15960545454007
1316,2020-03-13,182.6514577083484
1317,2020-03-16,153.32046269587823
1318,2020-03-17,158.16885615640484
1319,2020-03-18,145.5336886568686
1320,2020-03-19,154.38996501654023
1321,2020-03-20,154.03727058393216
1322,2020-03-23,159.66242219777433
1323,2020-03-24,191.64621657195985
1324,2020-03-25,204.5752574718707
1325,2020-03-26,207.36070824154262
1326,2020-03-27,193.51683855199545
1327,2020-03-30,203.46585900345778
1328,2020-03-31,203.26972078576028
1329,2020-04-01,190.92119363781129
1330,2020-04-02,181.12823049035944
1331,2020-04-03,177.63538373604368
1332,2020-04-06,198.67430242394917
1333,2020-04-07,203.82277776243896
1334,2020-04-08,218.2989364823394
1335,2020-04-09,226.91569628488205
1336,2020-04-13,239.60181079814276
1337,2020-04-14,250.1953878326531
1338,2020-04-15,238.3536634522227
1339,2020-04-16,241.14993285825355
1340,2020-04-17,253.0420919520619
1341,2020-04-20,256.8867689936481
1342,2020-04-21,252.62052658863445
1343,2020-04-22,257.9224156125582
1344,2020-04-23,260.3608308395082
1345,2020-04-24,271.14576689637147
1346,2020-04-27,278.12376599966285
1347,2020-04-28,270.343651694958
1348,2020-04-29,282.8647742830325
1349,2020-04-30,275.5419830008729
1350,2020-05-01,266.03386302772327
1351,2020-05-04,269.5619335977403
1352,2020-05-05,287.5989220615582
1353,2020-05-06,299.9768018438689
1354,2020-05-07,311.5679222203321
1355,2020-05-08,315.7514688562813
1356,2020-05-11,318.76278099872343
1357,2020-05-12,312.49169999166804
1358,2020-05-13,309.24342275016215
1359,2020-05-14,315.66346803393105
1360,2020-05-15,324.4764378544635
1361,2020-05-18,325.611994997181
1362,2020-05-19,319.6931106500129
1363,2020-05-20,324.1358471280643
1364,2020-05-21,329.85856636773826
1365,2020-05-22,337.28283100844976
1366,2020-05-26,333.3897644086083
1367,2020-05-27,330.31557584733264
1368,2020-05-28,330.25568943559654
1369,2020-05-29,344.3649475334603
1370,2020-06-01,352.44595605545106
1371,2020-06-02,374.2797942319888
1372,2020-06-03,370.81721393461885
1373,2020-06-04,362.1979607161943
1374,2020-06-05,373.03414106850545
1375,2020-06-08,376.22804300903255
1376,2020-06-09,373.4632500971192
1377,2020-06-10,381.3952670382067
1378,2020-06-11,364.7772325270009
1379,2020-06-12,370.6667818246718
1380,2020-06-15,381.0833985724137
1381,2020-06-16,388.14637102873144
1382,2020-06-17,391.2937942056976
1383,2020-06-18,394.97907347124226
1384,2020-06-19,405.31163634256825
1385,2020-06-22,413.77456079371245
1386,2020-06-23,413.5990269028271
1387,2020-06-24,396.6268185908622
1388,2020-06-25,406.5608620208909
1389,2020-06-26,408.00335458246633
1390,2020-06-29,402.9611515019918
1391,2020-06-30,407.835352262917
1392,2020-07-01,407.835352262917
1393,2020-07-02,412.80475426436135
1394,2020-07-06,418.7204020126945
1395,2020-07-07,411.4533283373262
1396,2020-07-08,422.552133097245
1397,2020-07-09,425.2558078133608
1398,2020-07-10,414.13424905371267
1399,2020-07-13,404.64894566973203
1400,2020-07-14,397.69355040911535
1401,2020-07-15,403.88784477352164
1402,2020-07-16,408.30445632744943
1403,2020-07-17,404.3520906048909
1404,2020-07-20,417.82008137200523
1405,2020-07-21,418.8141665935007
1406,2020-07-22,414.17254545085984
1407,2020-07-23,408.4666429304788
1408,2020-07-24,397.8268732207857
1409,2020-07-27,401.14134299238407
1410,2020-07-28,400.25883043728663
1411,2020-07-29,413.17476288218216
1412,2020-07-30,417.8143068183419
1413,2020-07-31,428.2451373363742
1414,2020-08-03,440.59247289005174
1415,2020-08-04,444.52042603588103
1416,2020-08-05,455.1504842049606
1417,2020-08-06,443.89169015178965
1418,2020-08-07,437.1233360763985
1419,2020-08-10,431.8166578038036
1420,2020-08-11,418.35994865616993
1421,2020-08-12,422.066222609551
1422,2020-08-13,429.1015475808773
1423,2020-08-14,426.51023286444234
1424,2020-08-17,439.60952052662196
1425,2020-08-18,442.50672880057556
1426,2020-08-19,439.43502425356166
1427,2020-08-20,443.1592017555635
1428,2020-08-21,442.21680609791855
1429,2020-08-24,445.6086666468123
1430,2020-08-25,454.47151160192834
1431,2020-08-26,468.7726575297593
1432,2020-08-27,468.3093132823943
1433,2020-08-28,473.2400875008884
1434,2020-08-31,475.0757824022502
1435,2020-09-01,495.61338484279617
1436,2020-09-02,498.7390358656467
1437,2020-09-03,467.71162264260994
1438,2020-09-04,470.42577662777376
1439,2020-09-08,458.3390879023994
1440,2020-09-09,463.17549318594394
1441,2020-09-10,458.85431515975364
1442,2020-09-11,443.7529295589108
1443,2020-09-14,445.8249601960946
1444,2020-09-15,450.6658789960557
1445,2020-09-16,456.21832491924033
1446,2020-09-17,449.46897493253175
1447,2020-09-18,448.437994531187
1448,2020-09-21,450.13007198455784
1449,2020-09-22,463.4852709973792
1450,2020-09-23,455.8832403892342
1451,2020-09-24,451.3046713015647
1452,2020-09-25,455.6905189323927
1453,2020-09-28,462.23062521334487
1454,2020-09-29,458.98685816707155
1455,2020-09-30,456.5559201511665
1456,2020-10-01,477.7522724414632
1457,2020-10-02,469.58522192388597
1458,2020-10-05,474.4750155597788
1459,2020-10-06,475.491340692372
1460,2020-10-07,490.32398334191083
1461,2020-10-08,508.19458702967773
1462,2020-10-09,519.6261690680552
1463,2020-10-12,527.473066092453
1464,2020-10-13,541.1004914033074
1465,2020-10-14,535.5431808179425
1466,2020-10-15,532.5120784698096
1467,2020-10-16,536.3959942817132
1468,2020-10-19,542.0070134111729
1469,2020-10-20,538.7306041913764
1470,2020-10-21,526.1530909000729
1471,2020-10-22,528.8120451298915
1472,2020-10-23,539.7009458530542
1473,2020-10-26,527.0664720871252
1474,2020-10-27,536.1393408490861
1475,2020-10-28,533.3483544064325
1476,2020-10-29,521.0021610812873
1477,2020-10-30,496.5045152259776
1478,2020-11-02,494.9022799272351
1479,2020-11-03,513.1430754465898
1480,2020-11-04,536.8997346253587
1481,2020-11-05,550.1201496837322
1482,2020-11-06,546.0352769807264
1483,2020-11-09,535.2230109892848
1484,2020-11-10,528.3994528810207
1485,2020-11-11,545.857866241966
1486,2020-11-12,539.8119230890932
1487,2020-11-13,543.952020248938
1488,2020-11-16,556.5974556425334
1489,2020-11-17,557.6995206089796
1490,2020-11-18,565.4081136034318
1491,2020-11-19,578.7354795359803
1492,2020-11-20,590.7448447162548
1493,2020-11-23,601.2707592872896
1494,2020-11-24,596.875148821123
1495,2020-11-25,605.9476496314378
1496,2020-11-27,631.1319045227921
1497,2020-11-30,637.7270753836738
1498,2020-12-01,629.853120633033
1499,2020-12-02,610.695512719185
1500,2020-12-03,620.3017654190807
1501,2020-12-04,639.2503285431119
1502,2020-12-07,636.447036070217
1503,2020-12-08,657.6526974356111
1504,2020-12-09,646.55945799628
1505,2020-12-10,663.5232063901439
1506,2020-12-11,692.636300910615
1507,2020-12-14,690.1682375519708
1508,2020-12-15,723.9689690784412
1509,2020-12-16,732.915338109627
1510,2020-12-17,752.0332489200605
1511,2020-12-18,760.1621366707515
1512,2020-12-21,773.2453190416693
1513,2020-12-22,783.4543610861642
1514,2020-12-23,764.075631993332
1515,2020-12-24,768.4988153456155
1516,2020-12-28,727.8001793146859
1517,2020-12-29,720.4805880014227
1518,2020-12-30,731.811744293259
1519,2020-12-31,727.554531827998
1520,2021-01-04,727.554531827998
1521,2021-01-05,748.134122210627
1522,2021-01-06,748.0215677787901
1523,2021-01-07,765.6057752864153
1524,2021-01-08,776.00890454063
1525,2021-01-11,763.1670664554003
1526,2021-01-12,777.927812113734
1527,2021-01-13,783.1995981688805
1528,2021-01-14,793.2712466340183
1529,2021-01-15,771.5108164362276
1530,2021-01-19,783.5774176919743
1531,2021-01-20,775.640572593797
1532,2021-01-21,781.8247231936067
1533,2021-01-22,778.0534264384512
1534,2021-01-25,761.8667550771272
1535,2021-01-26,760.0632875422452
1536,2021-01-27,739.7431342503319
1537,2021-01-28,765.48623708948
1538,2021-01-29,746.5845161392817
1539,2021-02-01,752.4362140987981
1540,2021-02-02,775.2377915331331
1541,2021-02-03,776.4206806169732
1542,2021-02-04,800.4888738498993
1543,2021-02-05,811.0794839041927
1544,2021-02-08,819.0106808881186
1545,2021-02-09,820.0359822823169
1546,2021-02-10,843.1289940780857
1547,2021-02-11,855.066373300597
1548,2021-02-12,863.3909614603006
1549,2021-02-16,874.419329217608
1550,2021-02-17,873.3636819817161
1551,2021-02-18,874.0771791473678
1552,2021-02-19,892.7672661629981
1553,2021-02-22,887.0994498850695
1554,2021-02-23,878.9504552302415
1555,2021-02-24,906.5353757088774
1556,2021-02-25,848.6854013092036
1557,2021-02-26,887.7974299938276
1558,2021-03-01,891.9544163498304
1559,2021-03-02,877.4932622871008
1560,2021-03-03,856.6845961731716
1561,2021-03-04,832.4462332366868
1562,2021-03-05,844.3173999467755
1563,2021-03-08,838.4664085714226
1564,2021-03-09,860.0274193457075
1565,2021-03-10,860.3497940458852
1566,2021-03-11,891.2872509994941
1567,2021-03-12,910.8797820673942
1568,2021-03-15,922.9684671085206
1569,2021-03-16,906.1188607339108
1570,2021-03-17,918.4283622146648
1571,2021-03-18,871.6806910974581
1572,2021-03-19,871.7952714221232
1573,2021-03-22,865.3015332796239
1574,2021-03-23,850.081865628771
1575,2021-03-24,823.179829292478
1576,2021-03-25,834.844887611463
1577,2021-03-26,840.5779245315135
1578,2021-03-29,845.9672300298253
1579,2021-03-30,851.8963060982368
1580,2021-03-31,862.6872752403091
1581,2021-04-01,880.7234518807602
1582,2021-04-05,880.4052466955883
1583,2021-04-06,891.5328627822672
1584,2021-04-07,872.7734880810883
1585,2021-04-08,882.3833542679403
1586,2021-04-09,882.0036750629415
1587,2021-04-12,867.4323162103702
1588,2021-04-13,872.0734216780309
1589,2021-04-14,875.5920862337179
1590,2021-04-15,880.1302448670367
1591,2021-04-16,887.8066959943036
1592,2021-04-19,879.1864582446045
1593,2021-04-20,849.2070727590328
1594,2021-04-21,857.4687902984793
1595,2021-04-22,864.0685147050245
1596,2021-04-23,884.8856444963245
1597,2021-04-26,902.7237751026951
1598,2021-04-27,904.8636120467463
1599,2021-04-28,915.7699593884867
1600,2021-04-29,904.9750803802435
1601,2021-04-30,888.4487973717443
1602,2021-05-03,877.3097222244992
1603,2021-05-04,863.2578465767241
1604,2021-05-05,847.1473397081186
1605,2021-05-06,824.2038342733198
1606,2021-05-07,831.5811405310566
1607,2021-05-10,804.7931716512995
1608,2021-05-11,803.1371943988714
1609,2021-05-12,774.9701102248076
1610,2021-05-13,772.0127262835902
1611,2021-05-14,802.7497443670068
1612,2021-05-17,783.436583653545
1613,2021-05-18,786.8009295568863
1614,2021-05-19,801.1429986477484
1615,2021-05-20,812.6312801694061
1616,2021-05-21,806.5454167168033
1617,2021-05-24,818.4768179013228
1618,2021-05-25,817.0781438375203
1619,2021-05-26,823.5716835125802
1620,2021-05-27,833.5614937575084
1621,2021-05-28,838.2460393825602
1622,2021-06-01,834.8082901960511
1623,2021-06-02,839.885810264249
1624,2021-06-03,823.5184397304757
1625,2021-06-04,845.0570087148506
1626,2021-06-07,839.6283421695715
1627,2021-06-08,839.5121796657135
1628,2021-06-09,834.0203212950238
1629,2021-06-10,838.3579695474149
1630,2021-06-11,845.7326903165093
1631,2021-06-14,848.9444838115161
1632,2021-06-15,847.9757601141671
1633,2021-06-16,850.229937992063
1634,2021-06-17,857.7572321769278
1635,2021-06-18,856.6997647287624
1636,2021-06-21,855.9274471699467
1637,2021-06-22,860.3327907960896
1638,2021-06-23,863.002571479829
1639,2021-06-24,861.9590518269015
1640,2021-06-25,861.9870197291777
1641,2021-06-28,852.8601316548301
1642,2021-06-29,842.1278612326687
1643,2021-06-30,850.5808140045698
1644,2021-07-01,850.5808140045698
1645,2021-07-02,855.7375665395097
1646,2021-07-06,865.7543505881339
1647,2021-07-07,865.5884258432164
1648,2021-07-08,856.9805903361723
1649,2021-07-09,869.0238303124753
1650,2021-07-12,861.3799954437604
1651,2021-07-13,852.217805924947
1652,2021-07-14,836.0082074027213
1653,2021-07-15,826.8560329001123
1654,2021-07-16,826.8975498596965
1655,2021-07-19,831.651262476171
1656,2021-07-20,852.2414728118739
1657,2021-07-21,865.450360107162
1658,2021-07-22,871.7206875051457
1659,2021-07-23,876.7228321254958
1660,2021-07-26,876.8788628214535
1661,2021-07-27,861.9281428783559
1662,2021-07-28,870.8013068081843
1663,2021-07-29,869.8996658547317
1664,2021-07-30,862.8506682603248
1665,2021-08-02,863.2758197969431
1666,2021-08-03,864.0270968349324
1667,2021-08-04,868.194334124438
1668,2021-08-05,885.4878358622566
1669,2021-08-06,878.3274283464514
1670,2021-08-09,880.5450920787384
1671,2021-08-10,869.3799269908208
1672,2021-08-11,864.9483323662059
1673,2021-08-12,871.4821342455347
1674,2021-08-13,870.7977874462347
1675,2021-08-16,854.7819203925307
1676,2021-08-17,847.5232994987848
1677,2021-08-18,844.9308538122135
1678,2021-08-19,846.7112684158656
1679,2021-08-20,855.384266211011
1680,2021-08-23,868.997963135206
1681,2021-08-24,882.3886132351195
1682,2021-08-25,889.0753322554253
1683,2021-08-26,884.0354600749773
1684,2021-08-27,914.1855875659483
1685,2021-08-30,919.0570502441096
1686,2021-08-31,913.0474004889473
1687,2021-09-01,917.5079252861137
1688,2021-09-02,910.1349703296111
1689,2021-09-03,926.3999155929505
1690,2021-09-07,909.9722712189706
1691,2021-09-08,898.5280646170362
1692,2021-09-09,896.9109321576584
1693,2021-09-10,886.9580039214768
1694,2021-09-13,885.2875390641829
1695,2021-09-14,887.5123367778708
1696,2021-09-15,900.0344801943431
1697,2021-09-16,913.3645776716569
1698,2021-09-17,900.1053724315904
1699,2021-09-20,887.2230776173504
1700,2021-09-21,892.2177838190319
1701,2021-09-22,905.4622915146214
1702,2021-09-23,913.689744305613
1703,2021-09-24,910.4918258735819
1704,2021-09-27,898.8720698365122
1705,2021-09-28,865.2212937632356
1706,2021-09-29,858.9044394325264
1707,2021-09-30,855.5570012094837
1708,2021-10-01,862.9098866215534
1709,2021-10-04,833.6142443599189
1710,2021-10-05,846.1814502932925
1711,2021-10-06,855.6257852431708
1712,2021-10-07,871.4160490549201
1713,2021-10-08,865.4869256889739
1714,2021-10-11,857.7923153694474
1715,2021-10-12,875.0711994306945
1716,2021-10-13,893.8173909472174
1717,2021-10-14,910.2588146733093
1718,2021-10-15,911.0855610517671
1719,2021-10-18,924.8864115235489
1720,2021-10-19,931.1962243849079
1721,2021-10-20,932.6523626412215
1722,2021-10-21,941.0465572631554
1723,2021-10-22,938.303390442728
1724,2021-10-25,945.9506243960609
1725,2021-10-26,947.278653207268
1726,2021-10-27,943.8492144384095
1727,2021-10-28,962.6937091701619
1728,2021-10-29,966.9723897458827
1729,2021-11-01,966.5362922327641
1730,2021-11-02,961.6109128139553
1731,2021-11-03,962.7356572201461
1732,2021-11-04,984.3363912809268
1733,2021-11-05,971.8249382832366
1734,2021-11-08,982.3925651416307
1735,2021-11-09,993.1913167436882
1736,2021-11-10,963.1686352765695
1737,2021-11-11,968.7389887464761
1738,2021-11-12,995.9087923357861
1739,2021-11-15,991.1495097902722
1740,2021-11-16,1007.5382159247617
1741,2021-11-17,995.7050563353447
1742,2021-11-18,988.9654452672517
1743,2021-11-19,966.2270644177091
1744,2021-11-22,919.3275287747235
1745,2021-11-23,909.0845278729306
1746,2021-11-24,927.2245654400622
1747,2021-11-26,920.5246687808744
1748,2021-11-29,934.2903239554493
1749,2021-11-30,906.4885914083856
1750,2021-12-01,872.4919840490552
1751,2021-12-02,891.0201624447667
1752,2021-12-03,846.9571873860164
1753,2021-12-06,847.9238162511932
1754,2021-12-07,879.9754271005964
1755,2021-12-08,897.9528187273593
1756,2021-12-09,873.4481659091807
1757,2021-12-10,859.0093924781537
1758,2021-12-13,853.3466918499397
1759,2021-12-14,840.8958138368022
1760,2021-12-15,859.0292682983273
1761,2021-12-16,828.1090283799392
1762,2021-12-17,838.0164758219748
1763,2021-12-20,825.467664544212
1764,2021-12-21,854.3282157548298
1765,2021-12-22,856.2514504783884
1766,2021-12-23,862.9701462454556
1767,2021-12-27,869.0929812683141
1768,2021-12-28,859.1295145628646
1769,2021-12-29,854.5994137318286
1770,2021-12-30,862.8035011184223
1771,2021-12-31,855.1558100200982
1772,2022-01-03,855.1558100200982
1773,2022-01-04,843.0927329226797
1774,2022-01-05,807.0019839789443
1775,2022-01-06,808.2600826040563
1776,2022-01-07,809.0119353088314
1777,2022-01-10,799.7842348512776
1778,2022-01-11,820.942912224519
1779,2022-01-12,818.4977012943593
1780,2022-01-13,800.5139539044468
1781,2022-01-14,793.0900694107876
1782,2022-01-18,765.8953060359852
1783,2022-01-19,766.0644312294525
1784,2022-01-20,781.3774744674104
1785,2022-01-21,758.583566483784
1786,2022-01-24,762.8286284770232
1787,2022-01-25,745.2805428156303
1788,2022-01-26,741.4989694550735
1789,2022-01-27,728.4787836777919
1790,2022-01-28,753.2148527311974
1791,2022-01-31,794.9040338332692
1792,2022-02-01,803.5735354414811
1793,2022-02-02,780.7288119063498
1794,2022-02-03,760.3271853910134
1795,2022-02-04,784.2074206705781
1796,2022-02-07,794.9118553152526
1797,2022-02-08,817.5477149577582
1798,2022-02-09,848.3716181861788
1799,2022-02-10,848.3307853594505
1800,2022-02-11,824.5172668315428
1801,2022-02-14,830.909086555627
1802,2022-02-15,866.4856171221525
1803,2022-02-16,871.1009612270839
1804,2022-02-17,843.3336376999583
1805,2022-02-18,822.5088278557135
1806,2022-02-22,792.1321348958435
1807,2022-02-23,759.3012550235505
1808,2022-02-24,766.5370722506045
1809,2022-02-25,768.1156757333123
1810,2022-02-28,751.9895666104759
1811,2022-03-01,734.836337574204
1812,2022-03-02,756.6588226379647
1813,2022-03-03,726.2168652331435
1814,2022-03-04,684.2626841138086
1815,2022-03-07,631.5506080417653
1816,2022-03-08,655.421570913685
1817,2022-03-09,696.5333709685431
1818,2022-03-10,683.46194203021
1819,2022-03-11,655.3654562905023
1820,2022-03-14,626.518184750434
1821,2022-03-15,654.9412301120683
1822,2022-03-16,718.603150501904
1823,2022-03-17,720.9625031358289
1824,2022-03-18,750.9121434532025
1825,2022-03-21,736.7344837366543
1826,2022-03-22,760.1591441378389
1827,2022-03-23,748.3412158397376
1828,2022-03-24,774.1899284566773
1829,2022-03-25,751.3763573338908
1830,2022-03-28,766.6192900302983
1831,2022-03-29,800.0969821048452
1832,2022-03-30,784.8814287529373
1833,2022-03-31,775.8612980731447
1834,2022-04-01,789.7570937990245
1835,2022-04-04,805.1432597726882
1836,2022-04-05,773.841147861141
1837,2022-04-06,745.9240928925171
1838,2022-04-07,740.458120386844
1839,2022-04-08,726.0138398952779
1840,2022-04-11,723.5498341005446
1841,2022-04-12,724.162057617996
1842,2022-04-13,756.1347095030774
1843,2022-04-14,743.8945971650173
1844,2022-04-18,729.1736203733273
1845,2022-04-19,747.0480537649727
1846,2022-04-20,728.9961048462205
1847,2022-04-21,710.8070880630635
1848,2022-04-22,702.9706077827589
1849,2022-04-25,715.3496747473482
1850,2022-04-26,684.7857235863012
1851,2022-04-27,696.9232432131855
1852,2022-04-28,726.3041750475119
1853,2022-04-29,701.0143514228474
1854,2022-05-02,709.6696355709162
1855,2022-05-03,682.3636143660981
1856,2022-05-04,703.5372753009528
1857,2022-05-05,674.596695625399
1858,2022-05-06,661.1219602123607
1859,2022-05-09,607.1261162210304
1860,2022-05-10,603.8213760037203
1861,2022-05-11,596.0094308115872
1862,2022-05-12,598.1868417962953
1863,2022-05-13,639.2299318854892
1864,2022-05-16,616.555806513426
1865,2022-05-17,634.806603767202
1866,2022-05-18,606.0190731350837
1867,2022-05-19,629.6719159941359
1868,2022-05-20,627.4772418432509
1869,2022-05-23,624.2235021292744
1870,2022-05-24,588.1572322526482
1871,2022-05-25,616.0548696063462
1872,2022-05-26,641.5916934874647
1873,2022-05-27,663.7580162646955
1874,2022-05-31,656.6193565925613
1875,2022-06-01,648.7261304925017
1876,2022-06-02,683.8846848127149
1877,2022-06-03,669.5074609041528
1878,2022-06-06,680.5006374907737
1879,2022-06-07,685.8703981650923
1880,2022-06-08,695.3128556850079
1881,2022-06-09,664.380358968673
1882,2022-06-10,617.6783877482577
1883,2022-06-13,570.4112914796304
1884,2022-06-14,572.7355139101234
1885,2022-06-15,587.4209596620584
1886,2022-06-16,548.2760708676765
1887,2022-06-17,571.0073647598646
1888,2022-06-21,585.546643825606
1889,2022-06-22,578.8232552544029
1890,2022-06-23,579.0576675326749
1891,2022-06-24,612.5358527774688
1892,2022-06-27,601.5985554172332
1893,2022-06-28,586.1600828296919
1894,2022-06-29,579.2035095919794
1895,2022-06-30,558.6464999639172
1896,2022-07-01,558.6464999639172
1897,2022-07-05,595.2140263992234
1898,2022-07-06,576.0570464951464
1899,2022-07-07,604.5585208984209
1900,2022-07-08,613.1854056176473
1901,2022-07-11,576.1946002281264
1902,2022-07-12,571.4547927748922
1903,2022-07-13,570.3283773910912
1904,2022-07-14,551.7034082506354
1905,2022-07-15,583.505700738121
1906,2022-07-18,583.343235588604
1907,2022-07-19,589.5105963638451
1908,2022-07-20,614.4926733574315
1909,2022-07-21,627.3176646225339
1910,2022-07-22,588.7388452773451
1911,2022-07-25,584.5634921158571
1912,2022-07-26,558.8489741791857
1913,2022-07-27,590.050240786087
1914,2022-07-28,598.5214313423851
1915,2022-07-29,597.4525953086505
1916,2022-08-01,608.5651520263614
1917,2022-08-02,632.9776416498217
1918,2022-08-03,658.5207523373
1919,2022-08-04,655.9980274552546
1920,2022-08-05,668.5840567856064
1921,2022-08-08,689.7680244688592
1922,2022-08-09,674.7278507706162
1923,2022-08-10,695.0739356831364
1924,2022-08-11,697.4939235103133
1925,2022-08-12,714.3853546238507
1926,2022-08-15,703.1873534122785
1927,2022-08-16,699.6859960320107
1928,2022-08-17,686.9100315107812
1929,2022-08-18,680.419950363844
1930,2022-08-19,653.5861819202254
1931,2022-08-22,637.8910123597043
1932,2022-08-23,631.8441332067569
1933,2022-08-24,635.2119021701734
1934,2022-08-25,661.3632595992676
1935,2022-08-26,638.839154255318
1936,2022-08-29,632.1577012297001
1937,2022-08-30,625.0436856446664
1938,2022-08-31,623.3462837204828
1939,2022-09-01,616.8100230534266
1940,2022-09-02,609.7503184941583
1941,2022-09-06,605.40729705041
1942,2022-09-07,630.744655861104
1943,2022-09-08,643.3491406447836
1944,2022-09-09,665.9440087208253
1945,2022-09-12,681.7331998180313
1946,2022-09-13,648.6097244685852
1947,2022-09-14,668.2196468372506
1948,2022-09-15,677.5771232209879
1949,2022-09-16,656.8411390883986
1950,2022-09-19,664.3310770787904
1951,2022-09-20,640.8433656810004
1952,2022-09-21,630.7529051729798
1953,2022-09-22,610.2890094133209
1954,2022-09-23,599.3752155302204
1955,2022-09-26,599.1431176719763
1956,2022-09-27,612.6126642473453
1957,2022-09-28,634.4557113444641
1958,2022-09-29,607.3667248107467
1959,2022-09-30,603.3465256718328
1960,2022-10-03,618.7323126681799
1961,2022-10-04,648.80703033035
1962,2022-10-05,659.9270530417789
1963,2022-10-06,669.7725811976765
1964,2022-10-07,643.0379120003549
1965,2022-10-10,623.2927952384068
1966,2022-10-11,605.0672137018614
1967,2022-10-12,607.4804989898464
1968,2022-10-13,598.1528191051056
1969,2022-10-14,557.2272127884693
1970,2022-10-17,594.5314909847606
1971,2022-10-18,608.8439590987218
1972,2022-10-19,592.3025618857787
1973,2022-10-20,595.1500233217239
1974,2022-10-21,591.5751566434118
1975,2022-10-24,588.148877533603
1976,2022-10-25,615.0970834737273
1977,2022-10-26,609.7704097022819
1978,2022-10-27,610.1577124631241
1979,2022-10-28,629.7008536576101
1980,2022-10-31,621.3497645620123
1981,2022-11-01,614.4345353721297
1982,2022-11-02,584.9804641976667
1983,2022-11-03,590.8888262116211
1984,2022-11-04,571.6351016891662
1985,2022-11-07,572.618924644868
1986,2022-11-08,577.0370619121986
1987,2022-11-09,548.3494498839274
1988,2022-11-10,611.5961753508104
1989,2022-11-11,628.716460653328
1990,2022-11-14,639.397039149262
1991,2022-11-15,659.8233799481098
1992,2022-11-16,642.8860998348634
1993,2022-11-17,621.5715482356263
1994,2022-11-18,615.0241308238927
1995,2022-11-21,612.1112989295267
1996,2022-11-22,619.1306414715577
1997,2022-11-23,628.4071868351098
1998,2022-11-25,626.1060357483798
1999,2022-11-28,616.42209848298
2000,2022-11-29,616.4079642207734
2001,2022-11-30,648.9628861444027
2002,2022-12-01,659.0323532263559
2003,2022-12-02,657.0465378765941
2004,2022-12-05,630.9670064857021
2005,2022-12-06,615.017327061337
2006,2022-12-07,615.1870503593246
2007,2022-12-08,628.3441919431573
2008,2022-12-09,630.9583906976118
2009,2022-12-12,648.9966482916184
2010,2022-12-13,676.6759286566088
2011,2022-12-14,671.9392023188956
2012,2022-12-15,652.2657673235136
2013,2022-12-16,655.616343577352
2014,2022-12-19,643.7479113834055
2015,2022-12-20,639.4425731900164
2016,2022-12-21,655.4509752932174
2017,2022-12-22,636.6446985732689
2018,2022-12-23,635.4733429387925
2019,2022-12-27,615.7685843498333
2020,2022-12-28,599.4957493234074
2021,2022-12-29,629.0726811969262
2022,2022-12-30,631.2245345322137
2023,2023-01-03,631.2245345322137
2024,2023-01-04,656.353427721946
2025,2023-01-05,655.0828323688116
2026,2023-01-06,663.167319005027
2027,2023-01-09,669.0956519256738
2028,2023-01-10,672.5023908787441
2029,2023-01-11,684.2565590277234
2030,2023-01-12,697.3708526593048
2031,2023-01-13,710.0524973884616
2032,2023-01-17,715.6273703972118
2033,2023-01-18,707.6441485917198
2034,2023-01-19,704.8527612882892
2035,2023-01-20,720.0780086633856
2036,2023-01-23,741.1669213782783
2037,2023-01-24,739.0493020334654
2038,2023-01-25,740.5715319022879
2039,2023-01-26,758.3870509350925
2040,2023-01-27,777.6855050932996
2041,2023-01-30,754.7179220758592
2042,2023-01-31,758.4472466124204
2043,2023-02-01,773.5193100780895
2044,2023-02-02,786.0445196178905
2045,2023-02-03,779.9021074601009
2046,2023-02-06,779.3375693822851
2047,2023-02-07,789.6258526227825
2048,2023-02-08,773.6219875441477
2049,2023-02-09,772.1542401229774
2050,2023-02-10,739.8266126910895
2051,2023-02-13,771.1996832331952
2052,2023-02-14,789.9653835810074
2053,2023-02-15,827.4902317938119
2054,2023-02-16,825.0967649953091
2055,2023-02-17,800.9701120580121
2056,2023-02-21,784.5445761493486
2057,2023-02-22,786.0718955948154
2058,2023-02-23,780.1563168656543
2059,2023-02-24,772.3570967499685
2060,2023-02-27,787.1765410482855
2061,2023-02-28,788.3609890752452
2062,2023-03-01,792.1256283885283
2063,2023-03-02,800.9329519694277
2064,2023-03-03,819.8490098818803
2065,2023-03-06,815.9808260484562
2066,2023-03-07,808.9633996291011
2067,2023-03-08,805.6770353192397
2068,2023-03-09,775.9227443719376
2069,2023-03-10,759.1910768408999
2070,2023-03-13,757.1222553135404
2071,2023-03-14,767.2603715368252
2072,2023-03-15,751.7534230825403
2073,2023-03-16,770.1383032204419
2074,2023-03-17,763.7281027430341
2075,2023-03-20,768.0235549369689
2076,2023-03-21,798.2549658962668
2077,2023-03-22,787.0322326134649
2078,2023-03-23,785.4051357173074
2079,2023-03-24,769.7087074560081
2080,2023-03-27,773.1214966797454
2081,2023-03-28,774.0862939104895
2082,2023-03-29,784.8990041276429
2083,2023-03-30,797.2280498918005
2084,2023-03-31,813.4710629486149
2085,2023-04-03,809.3672914006731
2086,2023-04-04,800.4344271569366
2087,2023-04-05,784.964363290382
2088,2023-04-06,775.059555732403
2089,2023-04-10,780.3058150252233
2090,2023-04-11,780.2471920743243
2091,2023-04-12,765.5590441649848
2092,2023-04-13,782.9837873795278
2093,2023-04-14,784.4814568488421
2094,2023-04-17,794.2812704119699
2095,2023-04-18,805.5866485442075
2096,2023-04-19,802.2227725939649
2097,2023-04-20,795.306318463496
2098,2023-04-21,792.5410649553083
2099,2023-04-24,788.3619485601
2100,2023-04-25,771.0770709584971
2101,2023-04-26,765.8140564755556
2102,2023-04-27,776.3760270958455
2103,2023-04-28,791.1324698602317
2104,2023-05-01,792.4503501126618
2105,2023-05-02,788.1388668055694
2106,2023-05-03,769.010525190277
2107,2023-05-04,763.133597629334
2108,2023-05-05,768.0724186885949
2109,2023-05-08,790.1093615945771
2110,2023-05-09,787.7142103502874
2111,2023-05-10,770.1595409386965
2112,2023-05-11,771.3985530291363
2113,2023-05-12,754.5541371564666
2114,2023-05-15,769.0188018900905
2115,2023-05-16,765.0220791715813
2116,2023-05-17,779.4293778742004
2117,2023-05-18,797.6957138698496
2118,2023-05-19,785.0454558400886
2119,2023-05-22,784.6636178301784
2120,2023-05-23,767.7418286837454
2121,2023-05-24,762.2825442682063
2122,2023-05-25,752.7659310140755
2123,2023-05-26,759.0458287772251
2124,2023-05-30,752.7628661862267
2125,2023-05-31,757.4896741060741
2126,2023-06-01,771.7958052311111
2127,2023-06-02,800.2086116542606
2128,2023-06-05,801.83682776692
2129,2023-06-06,817.0683937068353
2130,2023-06-07,800.554790438093
2131,2023-06-08,808.8059685419008
2132,2023-06-09,810.872144133093
2133,2023-06-12,817.7986036025237
2134,2023-06-13,819.320029518941
2135,2023-06-14,817.8586679159607
2136,2023-06-15,831.9573518378278
2137,2023-06-16,828.9287999676077
2138,2023-06-20,818.4580630153562
2139,2023-06-21,820.595725859618
2140,2023-06-22,826.9872811285131
2141,2023-06-23,809.8513837464104
2142,2023-06-26,805.1556589110569
2143,2023-06-27,830.8523259169551
2144,2023-06-28,827.6704572227496
2145,2023-06-29,820.6536295744074
2146,2023-06-30,833.726549720402
2147,2023-07-03,833.726549720402
2148,2023-07-05,840.4270037670263
2149,2023-07-06,825.4365282900327
2150,2023-07-07,823.8996456173551
2151,2023-07-10,848.0587872890462
2152,2023-07-11,860.469907464465
2153,2023-07-12,878.1592562735995
2154,2023-07-13,886.9518112574617
2155,2023-07-14,888.6435001852273
2156,2023-07-17,904.0296642244232
2157,2023-07-18,915.238798513736
2158,2023-07-19,920.6614944252124
2159,2023-07-20,893.5858409723227
2160,2023-07-21,894.1970573445332
2161,2023-07-24,885.5041313217079
2162,2023-07-25,893.5489607191707
2163,2023-07-26,894.9316749775251
2164,2023-07-27,888.6207998019609
2165,2023-07-28,918.1460443943101
2166,2023-07-31,925.4051413647423
2167,2023-08-01,918.1387036553218
2168,2023-08-02,893.4885747056387
2169,2023-08-03,886.047963225736
2170,2023-08-04,882.698628805442
2171,2023-08-07,894.4465487780647
2172,2023-08-08,883.1533298906637
2173,2023-08-09,876.7254245471667
2174,2023-08-10,880.036217170995
2175,2023-08-11,873.2583030426127
2176,2023-08-14,882.5690968603325
2177,2023-08-15,863.988863436797
2178,2023-08-16,861.8342734543666
2179,2023-08-17,848.4735573585007
2180,2023-08-18,848.8376080975403
2181,2023-08-21,854.5080338032731
2182,2023-08-22,852.3478560575518
2183,2023-08-23,870.089958891095
2184,2023-08-24,860.4248066251556
2185,2023-08-25,886.9394934858219
2186,2023-08-28,888.6770286013368
2187,2023-08-29,919.1850859561596
2188,2023-08-30,923.9447741243744
2189,2023-08-31,918.6908926624732
2190,2023-09-01,931.4404926765558
2191,2023-09-05,936.2383138803747
2192,2023-09-06,932.9635905031117
2193,2023-09-07,933.7762838622748
2194,2023-09-08,926.4135888299471
2195,2023-09-11,925.776796954288
2196,2023-09-12,919.9499929929619
2197,2023-09-13,908.5828529383267
2198,2023-09-14,913.1070498584409
2199,2023-09-15,896.8322144656926
2200,2023-09-18,889.6499147470562
2201,2023-09-19,884.7547695074369
2202,2023-09-20,875.9560290673332
2203,2023-09-21,848.3058148653453
2204,2023-09-22,853.3765331855333
2205,2023-09-25,851.8345504936397
2206,2023-09-26,840.9961197424926
2207,2023-09-27,849.2394335080285
2208,2023-09-28,861.3362634749813
2209,2023-09-29,865.6281712020829
2210,2023-10-02,874.7277358221648
2211,2023-10-03,851.9280598210485
2212,2023-10-04,868.3253085349858
2213,2023-10-05,869.974602646112
2214,2023-10-06,896.0646378785392
2215,2023-10-09,901.1121787842173
2216,2023-10-10,911.1690122321994
2217,2023-10-11,912.4098211679533
2218,2023-10-12,908.7931845169779
2219,2023-10-13,884.9131207766294
2220,2023-10-16,903.2546813742814
2221,2023-10-17,907.2954387661556
2222,2023-10-18,882.4201502750165
2223,2023-10-19,867.5753141983525
2224,2023-10-20,848.5061266239022
2225,2023-10-23,848.9923552740374
2226,2023-10-24,853.1405519818774
2227,2023-10-25,815.5889619198183
2228,2023-10-26,806.6695681187141
2229,2023-10-27,807.5505071964698
2230,2023-10-30,820.495449548591
2231,2023-10-31,847.1749912827496
2232,2023-11-01,839.3423622982419
2233,2023-11-02,859.4678263842876
2234,2023-11-03,857.4460991028806
2235,2023-11-06,853.7213454975016
2236,2023-11-07,874.6604064715718
2237,2023-11-08,885.1815445520535
2238,2023-11-09,878.967500546017
2239,2023-11-10,899.1274458226105
2240,2023-11-13,903.1791192733366
2241,2023-11-14,939.6297482255867
2242,2023-11-15,940.4515868941403
2243,2023-11-16,938.0835302459285
2244,2023-11-17,948.6137996720136
2245,2023-11-20,958.1642946901308
2246,2023-11-21,952.072149623629
2247,2023-11-22,956.4075040580728
2248,2023-11-24,956.7994903006754
2249,2023-11-27,949.7208505352885
2250,2023-11-28,957.2326992540083
2251,2023-11-29,972.4908966473931
2252,2023-11-30,963.2619770792411
2253,2023-12-01,976.8976958547769
2254,2023-12-04,974.8593077990419
2255,2023-12-05,974.4329944525471
2256,2023-12-06,965.2211715725196
2257,2023-12-07,972.3484508243007
2258,2023-12-08,979.9848455115002
2259,2023-12-11,1000.6143445375101
2260,2023-12-12,1013.0407834860271
2261,2023-12-13,1039.4324099657983
2262,2023-12-14,1031.8145261081356
2263,2023-12-15,1042.308539460101
2264,2023-12-18,1061.1514422377747
2265,2023-12-19,1077.1075251868363
2266,2023-12-20,1062.4631251883084
2267,2023-12-21,1077.2056881090505
2268,2023-12-22,1079.3554423108317
2269,2023-12-26,1075.9900872608382
2270,2023-12-27,1084.9518795218828
2271,2023-12-28,1082.1857944418148
2272,2023-12-29,1071.9584574350438
2273,2024-01-02,1071.9584574350438
2274,2024-01-03,1056.0884022487269
2275,2024-01-04,1066.5851142953245
2276,2024-01-05,1068.143760015646
2277,2024-01-08,1087.629143169571
2278,2024-01-09,1085.7517101360295
2279,2024-01-10,1089.0164519991856
2280,2024-01-11,1097.652586704477
2281,2024-01-12,1080.4268008640602
2282,2024-01-16,1070.74500088049
2283,2024-01-17,1064.958253361472
2284,2024-01-18,1077.580118369026
2285,2024-01-19,1099.58357466169
2286,2024-01-22,1091.009720131445
2287,2024-01-23,1088.7110582038883
2288,2024-01-24,1083.7627396725743
2289,2024-01-25,1086.0845950641628
2290,2024-01-26,1105.14061850262
2291,2024-01-29,1122.2578880035521
2292,2024-01-30,1110.322602426499
2293,2024-01-31,1091.142907457619
2294,2024-02-01,1103.7815694660028
2295,2024-02-02,1103.4438613466286
2296,2024-02-05,1105.9241716422123
2297,2024-02-06,1125.3821496287069
2298,2024-02-07,1138.5597539845467
2299,2024-02-08,1169.856808561043
2300,2024-02-09,1157.3061836175882
2301,2024-02-12,1179.9726606034926
2302,2024-02-13,1159.4186211605004
2303,2024-02-14,1163.1618934893088
2304,2024-02-15,1191.5731737953379
2305,2024-02-16,1167.3587602711646
2306,2024-02-20,1155.2642474886325
2307,2024-02-21,1160.2633944835109
2308,2024-02-22,1210.7270493892602
2309,2024-02-23,1195.3492437797115
2310,2024-02-26,1184.5274655664264
2311,2024-02-27,1196.737907968327
2312,2024-02-28,1196.5836982690125
2313,2024-02-29,1201.580525262093
2314,2024-03-01,1223.5822727419
2315,2024-03-04,1202.3752969910108
2316,2024-03-05,1190.1498942671976
2317,2024-03-06,1202.3300723889015
2318,2024-03-07,1215.4372665156413
2319,2024-03-08,1230.5578860905139
2320,2024-03-11,1222.7069495709675
2321,2024-03-12,1230.75187086433
2322,2024-03-13,1234.3737640318082
2323,2024-03-14,1228.9894518577676
2324,2024-03-15,1204.299919009018
2325,2024-03-18,1218.3629200522669
2326,2024-03-19,1226.33241953258
2327,2024-03-20,1254.3839719502137
2328,2024-03-21,1275.0680370009604
2329,2024-03-22,1268.9604238710615
2330,2024-03-25,1271.3442569160272
2331,2024-03-26,1277.264259349817
2332,2024-03-27,1275.1932781770151
2333,2024-03-28,1264.5791141067343
2334,2024-04-01,1261.4781839538966
2335,2024-04-02,1256.9172782268818
2336,2024-04-03,1269.5533780144333
2337,2024-04-04,1243.519294008901
2338,2024-04-05,1264.9836980985572
2339,2024-04-08,1263.5464573860952
2340,2024-04-09,1267.6810405533283
2341,2024-04-10,1256.8616231559236
2342,2024-04-11,1280.1676768611064
2343,2024-04-12,1238.8259028549883
2344,2024-04-15,1214.642735636701
2345,2024-04-16,1214.0458751876242
2346,2024-04-17,1210.1401355098794
2347,2024-04-18,1214.5810035491072
2348,2024-04-19,1199.1249439119201
2349,2024-04-22,1215.1019194577812
2350,2024-04-23,1246.4275867014362
2351,2024-04-24,1247.7299411209535
2352,2024-04-25,1247.7336063941768
2353,2024-04-26,1264.008290116235
2354,2024-04-29,1253.4723484435508
2355,2024-04-30,1232.1640461788043
2356,2024-05-01,1229.7714502693457
2357,2024-05-02,1289.0648209970495
2358,2024-05-03,1323.5899894248266
2359,2024-05-06,1334.5989427857485
2360,2024-05-07,1319.8695662323423
2361,2024-05-08,1321.148303140585
2362,2024-05-09,1325.6112130424472
2363,2024-05-10,1327.0752667892787
2364,2024-05-13,1331.6048519828655
2365,2024-05-14,1338.2831308824184
2366,2024-05-15,1340.9195393071395
2367,2024-05-16,1331.9679451351703
2368,2024-05-17,1325.4338212274954
2369,2024-05-20,1337.916166108823
2370,2024-05-21,1334.2768923141896
2371,2024-05-22,1325.0934935212986
2372,2024-05-23,1293.9203119461781
2373,2024-05-24,1309.8022757420388
2374,2024-05-28,1309.135746197369
2375,2024-05-29,1297.7495836367436
2376,2024-05-30,1293.0195833607054
2377,2024-05-31,1292.4033857847871
2378,2024-06-03,1291.2571213740134
2379,2024-06-04,1294.3884367650057
2380,2024-06-05,1305.181355542771
2381,2024-06-06,1309.080005053559
2382,2024-06-07,1306.0635111570214
2383,2024-06-10,1305.7794305888797
2384,2024-06-11,1300.9523107341415
2385,2024-06-12,1324.0956966926967
2386,2024-06-13,1308.4169113234088
2387,2024-06-14,1302.0893329571497
2388,2024-06-17,1330.2854108322256
2389,2024-06-18,1329.3106514547032
2390,2024-06-20,1331.0287339281417
2391,2024-06-21,1335.493287052894
2392,2024-06-24,1338.1250416141836
2393,2024-06-25,1356.1171366593755
2394,2024-06-26,1349.4991457791211
2395,2024-06-27,1358.8770351771122
2396,2024-06-28,1347.8717809188597
2397,2024-07-01,1347.8717809188597
2398,2024-07-02,1367.4801049220491
2399,2024-07-03,1377.187354341924
2400,2024-07-05,1385.1490014877588
2401,2024-07-08,1374.4702534184012
2402,2024-07-09,1365.6925354204661
2403,2024-07-10,1341.5775793584737
2404,2024-07-11,1345.5955502033207
2405,2024-07-12,1370.5994759875903
2406,2024-07-15,1381.2327127753185
2407,2024-07-16,1385.390256140878
2408,2024-07-17,1356.3584604244863
2409,2024-07-18,1329.8170244730043
2410,2024-07-19,1324.7045586959387
2411,2024-07-22,1348.6461918232126
2412,2024-07-23,1340.9381268530658
2413,2024-07-24,1291.74583749294
2414,2024-07-25,1291.8434291738993
2415,2024-07-26,1303.1621932071578
2416,2024-07-29,1298.0031617494517
2417,2024-07-30,1290.8496973964243
2418,2024-07-31,1296.5960975962216
2419,2024-08-01,1264.151508523526
2420,2024-08-02,1226.544959889643
2421,2024-08-05,1202.927860756098
2422,2024-08-06,1221.909632239863
2423,2024-08-07,1204.9799217563773
2424,2024-08-08,1252.703845529492
2425,2024-08-09,1252.960460224075
2426,2024-08-12,1245.5170717527212
2427,2024-08-13,1278.3976270274434
2428,2024-08-14,1268.2197823990878
2429,2024-08-15,1298.685757615863
2430,2024-08-16,1304.0305346957452
2431,2024-08-19,1321.368557751938
2432,2024-08-20,1314.2007079451735
2433,2024-08-21,1337.6057287256365
2434,2024-08-22,1322.871128737347
2435,2024-08-23,1290.150565861137
2436,2024-08-26,1282.0066751021493
2437,2024-08-27,1309.2819092819564
2438,2024-08-28,1298.1098466160238
2439,2024-08-29,1315.3468432796235
2440,2024-08-30,1330.0827615486971
2441,2024-09-03,1306.334896444052
2442,2024-09-04,1305.9028453219787
2443,2024-09-05,1308.8287913845734
2444,2024-09-06,1289.625197051543
2445,2024-09-09,1304.2009256430683
2446,2024-09-10,1310.8146959206567
2447,2024-09-11,1336.5195236714817
2448,2024-09-12,1342.3982901648806
2449,2024-09-13,1356.3329142090695
2450,2024-09-16,1346.9890469097124
2451,2024-09-17,1356.4985024451414
2452,2024-09-18,1351.318475930829
2453,2024-09-19,1386.6038916341108
2454,2024-09-20,1383.5758572010893
2455,2024-09-23,1380.8014070884415
2456,2024-09-24,1398.365865989636
2457,2024-09-25,1394.4197356044567
2458,2024-09-26,1410.4595977024092
2459,2024-09-27,1409.726603203701
2460,2024-09-30,1400.3115834265082
2461,2024-10-01,1387.8453777175935
2462,2024-10-02,1404.871779347539
2463,2024-10-03,1393.876980490204
2464,2024-10-04,1433.7735417594897
2465,2024-10-07,1409.9358565704088
2466,2024-10-08,1411.5259779327894
2467,2024-10-09,1431.6630125213424
2468,2024-10-10,1433.9860336914662
2469,2024-10-11,1441.7724068157606
2470,2024-10-14,1439.9550650364788
2471,2024-10-15,1427.7266206847296
2472,2024-10-16,1428.6442229763522
2473,2024-10-17,1421.955955534184
2474,2024-10-18,1444.3257198079552
2475,2024-10-21,1436.1908443446453
2476,2024-10-22,1421.102010901796
2477,2024-10-23,1409.8729492828543
2478,2024-10-24,1417.2546974816266
2479,2024-10-25,1430.24697708007
2480,2024-10-28,1441.5468049132903
2481,2024-10-29,1459.922239417
2482,2024-10-30,1517.1057126250723
2483,2024-10-31,1506.086629207012
2484,2024-11-01,1515.3948748219302
2485,2024-11-04,1516.2321457967128
2486,2024-11-05,1547.7513421689553
2487,2024-11-06,1598.94869170852
2488,2024-11-07,1646.451666222548
2489,2024-11-08,1649.461765605304
2490,2024-11-11,1681.4605464813196
2491,2024-11-12,1674.2003398025206
2492,2024-11-13,1678.8741322727476
2493,2024-11-14,1656.5953449414071
2494,2024-11-15,1616.130549032794
2495,2024-11-18,1623.9572309047019
2496,2024-11-19,1612.1481288210039
2497,2024-11-20,1641.5047695632663
2498,2024-11-21,1712.547545768262
2499,2024-11-22,1654.7869247403548
2500,2024-11-25,1655.1932129514632
2501,2024-11-26,1650.583256207834
2502,2024-11-27,1647.3423864151719
2503,2024-11-29,1660.1868711845018
2504,2024-12-02,1654.295067995907
2505,2024-12-03,1680.7225237978735
2506,2024-12-04,1712.2470978884505
2507,2024-12-05,1697.3812828911152
2508,2024-12-06,1717.9877150055627
2509,2024-12-09,1737.208190450443
2510,2024-12-10,1712.9932588884408
2511,2024-12-11,1758.2343716724201
2512,2024-12-12,1755.2622409024598
2513,2024-12-13,1737.568521034724
2514,2024-12-16,1766.5558884439424
2515,2024-12-17,1775.535282052995
2516,2024-12-18,1699.3293099605514
2517,2024-12-19,1695.8646957049916
2518,2024-12-20,1715.3350306229518
2519,2024-12-23,1711.774089973669
2520,2024-12-24,1728.5503364149208
2521,2024-12-26,1731.6053478077347
2522,2024-12-27,1703.9512651942846
2523,2024-12-30,1676.3215585940984
