date,momentum_index
2015-01-02,100.0
2015-01-05,98.51749067551164
2015-01-06,97.01011854815053
2015-01-07,97.26585209897284
2015-01-08,99.00318426921693
2015-01-09,97.4310255787824
2015-01-12,96.57905425319365
2015-01-13,96.1961355370648
2015-01-14,95.6542279921315
2015-01-15,93.6355071183062
2015-01-16,94.6511786639569
2015-01-20,95.52677411998886
2015-01-21,96.46501404779913
2015-01-22,98.18862031666507
2015-01-23,98.39381955453709
2015-01-26,98.36179344422834
2015-01-27,97.18085914496655
2015-01-28,96.17542886112716
2015-01-29,96.65383025021437
2015-01-30,95.68639515790268
2015-02-02,96.58914996980616
2015-02-03,99.06010048748351
2015-02-04,98.84028970779136
2015-02-05,100.26697207934963
2015-02-06,97.7183143595846
2015-02-09,97.36809454055458
2015-02-10,98.45910492367076
2015-02-11,98.75114537215758
2015-02-12,101.32948604130416
2015-02-13,103.11767451881211
2015-02-17,103.19290172961391
2015-02-18,103.02472466674301
2015-02-19,105.77834141384466
2015-02-20,108.35435070629187
2015-02-23,107.57414406633117
2015-02-24,108.0129699981183
2015-02-25,109.18661145996506
2015-02-26,107.90490442703167
2015-02-27,106.9775492081481
2015-03-02,108.30318624239574
2015-03-03,107.67472800637378
2015-03-04,106.08876396431421
2015-03-05,106.67278356044191
2015-03-06,105.77319222031858
2015-03-09,105.99436614607
2015-03-10,103.94395399257648
2015-03-11,103.7547662432357
2015-03-12,105.03521007455439
2015-03-13,104.19585577820791
2015-03-16,104.92537111197542
2015-03-17,104.67841508163099
2015-03-18,107.06198865538343
2015-03-19,107.19714069836105
2015-03-20,109.33196791887706
2015-03-23,109.39195878905011
2015-03-24,108.9562004587944
2015-03-25,106.68421990216335
2015-03-26,106.23203221575663
2015-03-27,106.68052615948152
2015-03-30,107.93106297030215
2015-03-31,107.51335087389573
2015-04-01,107.15828972171441
2015-04-02,108.24606157774055
2015-04-06,109.44726184032088
2015-04-07,109.11771317534541
2015-04-08,110.0933621250634
2015-04-09,109.61216440089947
2015-04-10,110.36954955744108
2015-04-13,110.01340587420954
2015-04-14,110.13440021270348
2015-04-15,110.48252793639652
2015-04-16,110.54025512092119
2015-04-17,108.27984159068411
2015-04-20,109.27410994805724
2015-04-21,109.99107569175976
2015-04-22,111.58886233460179
2015-04-23,112.2558848607776
2015-04-24,112.34693799515955
2015-04-27,112.72352941694972
2015-04-28,112.06090259555961
2015-04-29,112.26870211012545
2015-04-30,111.21663037127554
2015-05-01,112.03717577018459
2015-05-04,112.8775154753086
2015-05-05,111.7150489664232
2015-05-06,111.96984829651888
2015-05-07,112.69674392471913
2015-05-08,113.23665418790017
2015-05-11,112.63951677490658
2015-05-12,112.92315015160597
2015-05-13,112.94519821851763
2015-05-14,114.53017360485251
2015-05-15,113.99636958114718
2015-05-18,114.9385519630938
2015-05-19,115.35658152114341
2015-05-20,115.43216694568976
2015-05-21,116.2772514719159
2015-05-22,118.92191655728539
2015-05-26,117.32308003466387
2015-05-27,116.11864405115546
2015-05-28,114.8455887971083
2015-05-29,113.6484382808597
2015-06-01,114.16073459381731
2015-06-02,114.36128533876723
2015-06-03,114.60482646662027
2015-06-04,113.84250808603029
2015-06-05,114.33455856518788
2015-06-08,113.07904179104366
2015-06-09,113.17643439366833
2015-06-10,115.09456727957124
2015-06-11,114.89495933393687
2015-06-12,114.26281030757359
2015-06-15,113.54608868935033
2015-06-16,113.88957497259895
2015-06-17,113.61766479579225
2015-06-18,114.49244093930074
2015-06-19,113.34020514056942
2015-06-22,114.24003681339263
2015-06-23,114.35380671915163
2015-06-24,113.05858610780584
2015-06-25,113.35139609039182
2015-06-26,112.55550069763083
2015-06-29,109.87149453212119
2015-06-30,111.47883480561325
2015-07-01,111.47883480561325
2015-07-02,110.7282189191225
2015-07-06,110.96299017092689
2015-07-07,111.50819772457406
2015-07-08,109.68613161307685
2015-07-09,110.95667380157845
2015-07-10,112.94370603457737
2015-07-13,114.58197871169095
2015-07-14,115.47717649566276
2015-07-15,114.49897442635648
2015-07-16,116.52136552066487
2015-07-17,118.10135019788606
2015-07-20,119.32135587270629
2015-07-21,119.09561010910825
2015-07-22,119.01298309082651
2015-07-23,118.90563229788783
2015-07-24,116.72544969089178
2015-07-27,114.72736531344725
2015-07-28,116.34259411628227
2015-07-29,117.62750984639723
2015-07-30,117.77441143407285
2015-07-31,120.07046845063324
2015-08-03,119.37471387884634
2015-08-04,122.69882558482145
2015-08-05,125.96234238458689
2015-08-06,124.09109504015976
2015-08-07,122.35901737540158
2015-08-10,123.78739139191536
2015-08-11,120.9628575842623
2015-08-12,119.89116399194361
2015-08-13,120.09447189718118
2015-08-14,120.92776618614825
2015-08-17,122.41166981114425
2015-08-18,119.83862885354604
2015-08-19,119.35754784666682
2015-08-20,115.04163137534564
2015-08-21,110.43768255172569
2015-08-24,106.44085499969214
2015-08-25,107.77204179734387
2015-08-26,111.35031978442834
2015-08-27,115.04110847457609
2015-08-28,114.80405257470973
2015-08-31,112.8015294227111
2015-09-01,109.81171441232254
2015-09-02,112.06264810217077
2015-09-03,112.03608539682162
2015-09-04,110.89399171459658
2015-09-08,114.0103220308616
2015-09-09,113.4273468590503
2015-09-10,114.35323942472057
2015-09-11,115.73179493014561
2015-09-14,113.79455471576854
2015-09-15,115.97559469790941
2015-09-16,118.25618105654382
2015-09-17,118.58723859711364
2015-09-18,117.89356084490404
2015-09-21,118.19153636574723
2015-09-22,116.90006311117888
2015-09-23,115.68800929251734
2015-09-24,115.8657646545771
2015-09-25,113.98896634520818
2015-09-28,109.9803234015229
2015-09-29,109.89144785095691
2015-09-30,110.86203146218439
2015-10-01,112.18757389813598
2015-10-02,114.87402805425124
2015-10-05,116.70944608709102
2015-10-06,116.26799260284692
2015-10-07,117.75909701076168
2015-10-08,117.9615600180819
2015-10-09,119.14955873142267
2015-10-12,120.6753238111216
2015-10-13,120.38274584971728
2015-10-14,118.34396693163974
2015-10-15,120.63538938167054
2015-10-16,122.22362710154964
2015-10-19,124.35980382103374
2015-10-20,124.59361307646685
2015-10-21,123.00882650054515
2015-10-22,123.43000015608516
2015-10-23,124.29233188291849
2015-10-26,129.7676160294674
2015-10-27,127.88810033545677
2015-10-28,128.86112216252775
2015-10-29,129.74307131662022
2015-10-30,132.93277004674786
2015-11-02,135.15139724616353
2015-11-03,134.8841740725186
2015-11-04,135.05313349567518
2015-11-05,134.87361653726768
2015-11-06,136.036713008158
2015-11-09,128.97869441076674
2015-11-10,129.17560482078693
2015-11-11,129.60854924385902
2015-11-12,129.03650639517795
2015-11-13,126.41510209228417
2015-11-16,125.5445501907611
2015-11-17,124.41680533998448
2015-11-18,127.06022076104736
2015-11-19,130.25648571179684
2015-11-20,130.00286985510894
2015-11-23,128.50356008013878
2015-11-24,127.49876489295139
2015-11-25,128.14743782294642
2015-11-27,127.87731133707213
2015-11-30,128.38973570105185
2015-12-01,130.93628194105708
2015-12-02,130.6400874214236
2015-12-03,130.66364735215913
2015-12-04,132.9613299127229
2015-12-07,132.19075655379444
2015-12-08,132.58202221367003
2015-12-09,131.3158734537199
2015-12-10,131.53008006056277
2015-12-11,127.63860545858633
2015-12-14,128.10479859718166
2015-12-15,129.66895278111096
2015-12-16,131.83439673347317
2015-12-17,130.30574961006997
2015-12-18,127.83347962015776
2015-12-21,127.4343621978707
2015-12-22,128.0379490529413
2015-12-23,128.72001447885015
2015-12-24,128.19147226454155
2015-12-28,127.96198156478565
2015-12-29,129.7082360054822
2015-12-30,128.84330974316066
2015-12-31,127.19318606501399
2016-01-04,127.19318606501399
2016-01-05,129.85992527169049
2016-01-06,130.2601635208927
2016-01-07,127.06181338751277
2016-01-08,125.36877691110624
2016-01-11,124.99090473670044
2016-01-12,126.48269020156103
2016-01-13,121.32076878679595
2016-01-14,124.47865894620297
2016-01-15,120.57649280202389
2016-01-19,119.76430017414144
2016-01-20,121.42139835014594
2016-01-21,121.8215194748588
2016-01-22,124.11971086214409
2016-01-25,122.07163838933192
2016-01-26,122.98659180729064
2016-01-27,120.24036723243621
2016-01-28,121.25760479840201
2016-01-29,125.83441124361511
2016-02-01,126.09081687071757
2016-02-02,122.48768893526358
2016-02-03,123.90696530140117
2016-02-04,125.61064341986108
2016-02-05,119.07072981780894
2016-02-08,115.92208342650305
2016-02-09,114.21561860922385
2016-02-10,115.69007116732307
2016-02-11,116.14744937069453
2016-02-12,120.33498460236748
2016-02-16,123.55521425477706
2016-02-17,127.4373796094469
2016-02-18,125.16373229852415
2016-02-19,126.612252059577
2016-02-22,128.07728254275992
2016-02-23,126.31582513521204
2016-02-24,128.17335504107248
2016-02-25,129.37785803562514
2016-02-26,125.58038568971104
2016-02-29,125.78045909059358
2016-03-01,128.58896070863733
2016-03-02,128.62596949104892
2016-03-03,127.21320454976969
2016-03-04,128.7927870129054
2016-03-07,128.8308767239393
2016-03-08,127.87405960318513
2016-03-09,128.5876212394269
2016-03-10,127.32943247726159
2016-03-11,130.20038978514145
2016-03-14,129.83728065355274
2016-03-15,129.24559439480308
2016-03-16,131.51904149116032
2016-03-17,131.94826319139335
2016-03-18,133.53848246891616
2016-03-21,134.0498015106487
2016-03-22,134.08075886085572
2016-03-23,133.1085295422951
2016-03-24,133.32364402620024
2016-03-28,133.06041561228912
2016-03-29,134.54884756571153
2016-03-30,135.30097355021914
2016-03-31,135.7128985447453
2016-04-01,136.6618456028435
2016-04-04,136.84620322422356
2016-04-05,135.07958039919671
2016-04-06,136.56394310240293
2016-04-07,134.53330187393578
2016-04-08,135.15896872669617
2016-04-11,134.95716310041786
2016-04-12,136.00320500984452
2016-04-13,137.86739872870905
2016-04-14,137.80499741228633
2016-04-15,137.71479586909464
2016-04-18,138.91879427995084
2016-04-19,138.79178034665227
2016-04-20,139.2121009785547
2016-04-21,137.26766581531803
2016-04-22,137.47743593393275
2016-04-25,136.7369263800443
2016-04-26,137.7222420351903
2016-04-27,137.32100283008808
2016-04-28,135.15497466799792
2016-04-29,133.85810855220825
2016-05-02,135.31403360284637
2016-05-03,134.05449225426233
2016-05-04,132.73919124220694
2016-05-05,133.40439003472733
2016-05-06,134.01563978852045
2016-05-09,134.2073990297294
2016-05-10,135.85784982871564
2016-05-11,135.0259719590871
2016-05-12,134.5695524831476
2016-05-13,134.5030301204106
2016-05-16,136.69741320897413
2016-05-17,135.00538427131505
2016-05-18,135.44158330762238
2016-05-19,133.5247808515197
2016-05-20,135.66681103755934
2016-05-23,136.6454867400566
2016-05-24,140.69231442135498
2016-05-25,138.53198622005723
2016-05-26,140.1670115232396
2016-05-27,142.15621223528865
2016-05-31,141.43158218125808
2016-06-01,141.068056784688
2016-06-02,141.92228670108813
2016-06-03,140.74966372671548
2016-06-06,141.98282475735166
2016-06-07,142.28797074256553
2016-06-08,140.2529902065385
2016-06-09,139.8651057032498
2016-06-10,137.63274277623225
2016-06-13,136.43423210140477
2016-06-14,137.37492341865917
2016-06-15,137.05558043890295
2016-06-16,137.55917149977952
2016-06-17,135.34103490216748
2016-06-20,138.20480691548943
2016-06-21,138.92806181365924
2016-06-22,137.93902895581564
2016-06-23,140.78649371237205
2016-06-24,136.27113159184114
2016-06-27,133.51488361314912
2016-06-28,136.74566529680223
2016-06-29,140.72123050551912
2016-06-30,143.40898181851713
2016-07-01,143.40898181851713
2016-07-05,142.6138582357382
2016-07-06,143.31404931923942
2016-07-07,144.63501931180517
2016-07-08,148.40997808640884
2016-07-11,152.0556795129186
2016-07-12,153.90768101363474
2016-07-13,153.06226787014631
2016-07-14,154.80140148091283
2016-07-15,153.48222428874
2016-07-18,154.34769056420433
2016-07-19,153.3509256899871
2016-07-20,155.90918475383592
2016-07-21,153.33062861532105
2016-07-22,154.54534430091374
2016-07-25,154.53069656995336
2016-07-26,154.79434908937617
2016-07-27,155.727104485592
2016-07-28,156.85505149287502
2016-07-29,159.16749191959758
2016-08-01,158.8022032142431
2016-08-02,156.49008473357773
2016-08-03,157.43712274171642
2016-08-04,159.46312087600666
2016-08-05,162.95660240157216
2016-08-08,162.77438067241448
2016-08-09,164.06466094644156
2016-08-10,164.20659000044319
2016-08-11,164.89408370406997
2016-08-12,165.4058530536843
2016-08-15,165.5487034169232
2016-08-16,164.23995862067434
2016-08-17,164.3388027067075
2016-08-18,165.30566148943143
2016-08-19,164.90141293633081
2016-08-22,162.68994304587906
2016-08-23,163.7319073874167
2016-08-24,162.3435889552032
2016-08-25,165.29194238667841
2016-08-26,165.44630569019535
2016-08-29,165.33111681935964
2016-08-30,165.70231121747977
2016-08-31,165.60973544601998
2016-09-01,168.15331072472128
2016-09-02,168.5772495977484
2016-09-06,169.30280776530617
2016-09-07,169.16967417829653
2016-09-08,168.75271704795074
2016-09-09,164.656098335889
2016-09-12,166.8358387240531
2016-09-13,163.9786273876165
2016-09-14,165.47888565344638
2016-09-15,168.41548151336616
2016-09-16,168.70238222415054
2016-09-19,167.4297905345083
2016-09-20,168.08956208968735
2016-09-21,170.74603530645368
2016-09-22,171.9321912967262
2016-09-23,170.60494493649782
2016-09-26,168.91241140912726
2016-09-27,170.52178873247468
2016-09-28,172.32126715342324
2016-09-29,172.7384475894622
2016-09-30,173.587290104851
2016-10-03,174.06491981664874
2016-10-04,174.20678171909884
2016-10-05,175.69757207846848
2016-10-06,174.98035988584977
2016-10-07,173.57663818069744
2016-10-10,174.51247746650526
2016-10-11,170.65846363122589
2016-10-12,169.7919257729889
2016-10-13,168.45472113271413
2016-10-14,168.43879614011834
2016-10-17,167.11146919059357
2016-10-18,171.50324101081318
2016-10-19,173.00017009925907
2016-10-20,172.984877240569
2016-10-21,173.75851829026902
2016-10-24,174.6875051823553
2016-10-25,174.20057840630938
2016-10-26,171.96888028159404
2016-10-27,170.7118296184802
2016-10-28,171.6659455293599
2016-10-31,171.12780292580575
2016-11-01,169.10271884093504
2016-11-02,165.1288370365803
2016-11-03,165.4290646251855
2016-11-04,164.94277387081408
2016-11-07,170.9630139737468
2016-11-08,175.97866479420009
2016-11-09,175.19839479477668
2016-11-10,173.2921378323568
2016-11-11,173.0464411799806
2016-11-14,168.3387057081217
2016-11-15,170.3260408822183
2016-11-16,171.0876269488478
2016-11-17,172.96739869189477
2016-11-18,172.53605502856124
2016-11-21,173.77325861947935
2016-11-22,173.91769304603287
2016-11-23,172.70688379778818
2016-11-25,175.01710142645194
2016-11-28,174.95212099929188
2016-11-29,174.7698469242278
2016-11-30,173.4616346020296
2016-12-01,169.35513692488684
2016-12-02,163.96356488534823
2016-12-05,166.36964876648366
2016-12-06,166.30014120698618
2016-12-07,166.98982676284905
2016-12-08,167.62543591267183
2016-12-09,167.11087005644825
2016-12-12,164.5076083439536
2016-12-13,165.0235161459657
2016-12-14,162.68766763393015
2016-12-15,160.51666288069595
2016-12-16,159.90600997488488
2016-12-19,160.2129276852403
2016-12-20,160.68520556956295
2016-12-21,159.9481550662978
2016-12-22,157.7519410340806
2016-12-23,157.74640655263138
2016-12-27,159.0589284729
2016-12-28,157.2179020436342
2016-12-29,157.5977636347799
2016-12-30,156.35981557135958
2017-01-03,156.35981557135958
2017-01-04,161.4883941033227
2017-01-05,164.4857747164709
2017-01-06,167.4128806869085
2017-01-09,167.77788116021273
2017-01-10,168.01540875140336
2017-01-11,176.34407717797575
2017-01-12,173.63803148920314
2017-01-13,175.0155280055964
2017-01-17,175.26239247299088
2017-01-18,176.30906822144854
2017-01-19,176.3467758408599
2017-01-20,176.45107628257702
2017-01-23,177.23586722376544
2017-01-24,178.535758168373
2017-01-25,183.63608020999507
2017-01-26,181.75107821855173
2017-01-27,181.7483349318389
2017-01-30,178.3679857474646
2017-01-31,179.74497622770187
2017-02-01,181.4031868472487
2017-02-02,181.74100055019957
2017-02-03,183.6478363363163
2017-02-06,183.95894615610183
2017-02-07,184.7611073173497
2017-02-08,185.40588505374404
2017-02-09,188.21620303600344
2017-02-10,188.09384077703913
2017-02-13,187.1569647188338
2017-02-14,187.92939008543624
2017-02-15,191.99721437532338
2017-02-16,191.19404789410066
2017-02-17,194.22605633512728
2017-02-21,195.6455279932271
2017-02-22,195.25819534514804
2017-02-23,193.8904768842131
2017-02-24,195.04096079044797
2017-02-27,195.95049557952228
2017-02-28,187.67347336851114
2017-03-01,189.78107754211945
2017-03-02,186.52892098052206
2017-03-03,185.65039842244
2017-03-06,183.86577547060625
2017-03-07,184.08721674219922
2017-03-08,183.38864903958662
2017-03-09,183.90198669606687
2017-03-10,185.61381673536613
2017-03-13,191.2679970778897
2017-03-14,191.3568492155811
2017-03-15,192.69987190181163
2017-03-16,194.59932026381978
2017-03-17,194.31318218960595
2017-03-20,194.4825032864848
2017-03-21,188.1100839982334
2017-03-22,186.26032480466444
2017-03-23,187.56274603903861
2017-03-24,189.1841167246756
2017-03-27,188.73352282860523
2017-03-28,188.82578493707084
2017-03-29,188.95436384600515
2017-03-30,187.57528651098792
2017-03-31,189.6338671988814
2017-04-03,190.25482842106777
2017-04-04,189.6288673526605
2017-04-05,189.96470366254718
2017-04-06,190.51464485616108
2017-04-07,190.23406133227724
2017-04-10,190.17781649116537
2017-04-11,189.77003481423992
2017-04-12,191.45193271367836
2017-04-13,192.96694672873312
2017-04-17,193.5869174237083
2017-04-18,193.4659620202781
2017-04-19,195.03026714268557
2017-04-20,196.75516735838463
2017-04-21,195.7857089177564
2017-04-24,198.74591192396983
2017-04-25,200.9618945365754
2017-04-26,200.26125085819598
2017-04-27,201.63604032555114
2017-04-28,202.61030748132572
2017-05-01,204.62677410744226
2017-05-02,204.35027205192713
2017-05-03,206.04543239781887
2017-05-04,206.75409907441545
2017-05-05,208.32270288177085
2017-05-08,206.1220473936327
2017-05-09,205.99206112221984
2017-05-10,207.46475835731002
2017-05-11,204.54587786297304
2017-05-12,207.50057753794448
2017-05-15,213.18758211855254
2017-05-16,215.0358228600407
2017-05-17,206.9705388861407
2017-05-18,209.53955579649624
2017-05-19,211.72678298869144
2017-05-22,214.92822708694572
2017-05-23,213.46365667648274
2017-05-24,213.5814576452006
2017-05-25,215.01728813735272
2017-05-26,215.09991769829895
2017-05-30,214.1336038947399
2017-05-31,215.47145835706422
2017-06-01,218.7092586413856
2017-06-02,221.6591953539454
2017-06-05,220.0856640204265
2017-06-06,220.35328791786074
2017-06-07,220.32744979283402
2017-06-08,222.33486828883446
2017-06-09,212.29796822067252
2017-06-12,209.9545690486902
2017-06-13,212.713869917212
2017-06-14,209.98405343171132
2017-06-15,208.0619829657424
2017-06-16,209.68540967917568
2017-06-19,213.86226308981696
2017-06-20,210.36601149920094
2017-06-21,214.3946285558646
2017-06-22,215.766830880677
2017-06-23,218.85399433269862
2017-06-26,216.8442521714509
2017-06-27,210.66180456884197
2017-06-28,213.68679569549488
2017-06-29,208.68061553416823
2017-06-30,209.8107437726524
2017-07-03,209.8107437726524
2017-07-05,213.80064962478784
2017-07-06,211.8514470616784
2017-07-07,216.015449575523
2017-07-10,218.04257890021424
2017-07-11,219.2442861634028
2017-07-12,223.00323566414932
2017-07-13,223.7538473038648
2017-07-14,225.27845068659002
2017-07-17,223.3945665859976
2017-07-18,225.58948675117975
2017-07-19,228.87224876710363
2017-07-20,228.33839686220034
2017-07-21,227.82709254819093
2017-07-24,229.10239866850821
2017-07-25,229.44645139843615
2017-07-26,232.62217534855097
2017-07-27,229.57094201047914
2017-07-28,229.6528654778
2017-07-31,228.4420548175657
2017-08-01,227.34201845820513
2017-08-02,225.52761318837176
2017-08-03,224.63277591030365
2017-08-04,225.4962472536796
2017-08-07,226.41446015926536
2017-08-08,226.74551105553934
2017-08-09,217.22578568220604
2017-08-10,208.23519690778394
2017-08-11,208.49655136105196
2017-08-14,209.08814086203662
2017-08-15,206.74524623621187
2017-08-16,206.8231654670323
2017-08-17,202.4942464334109
2017-08-18,201.8820592537869
2017-08-21,203.1036061556651
2017-08-22,206.14452206346866
2017-08-23,206.87314719145138
2017-08-24,207.70650996480524
2017-08-25,204.22457004190122
2017-08-28,204.40189670207997
2017-08-29,205.8886677851872
2017-08-30,210.18696603280694
2017-08-31,213.2798565799037
2017-09-01,212.36103116092204
2017-09-05,210.6843067091232
2017-09-06,210.95973999217782
2017-09-07,212.23814681948238
2017-09-08,211.4373041419782
2017-09-11,214.67822197135337
2017-09-12,214.71454010692128
2017-09-13,215.13998715900684
2017-09-14,213.60748339917032
2017-09-15,212.50875127084754
2017-09-18,213.0175853785248
2017-09-19,214.0329804510126
2017-09-20,213.9329593109665
2017-09-21,212.64790466137816
2017-09-22,211.67106111116763
2017-09-25,209.5650779358068
2017-09-26,207.8345463032966
2017-09-27,210.69552239449126
2017-09-28,209.90278460588948
2017-09-29,211.4569850000354
2017-10-02,214.63157279014217
2017-10-03,215.8893376210848
2017-10-04,217.74934110712059
2017-10-05,219.85425479939303
2017-10-06,219.97693550375402
2017-10-09,218.53787646605156
2017-10-10,215.9873772252868
2017-10-11,216.44461091935068
2017-10-12,216.6479343472465
2017-10-13,216.56598632670622
2017-10-16,216.8143876349481
2017-10-17,216.79370423692544
2017-10-18,217.4465745636247
2017-10-19,213.72225169762925
2017-10-20,213.57380327877797
2017-10-23,212.2225810622891
2017-10-24,212.9309168339962
2017-10-25,209.83289350743547
2017-10-26,209.63788621766022
2017-10-27,206.34543582315416
2017-10-30,205.25030764815878
2017-10-31,211.5658547866109
2017-11-01,209.91491058381024
2017-11-02,210.5315260903201
2017-11-03,208.75765839909718
2017-11-06,212.1902230588994
2017-11-07,195.54982732250068
2017-11-08,196.40271987318118
2017-11-09,196.18786723267974
2017-11-10,196.76751513530513
2017-11-13,199.1906908016189
2017-11-14,198.47829767200176
2017-11-15,198.10765302175332
2017-11-16,201.11106138829734
2017-11-17,203.2601922543789
2017-11-20,202.83474498288442
2017-11-21,203.90207021860985
2017-11-22,205.5026758435276
2017-11-24,205.42665122678386
2017-11-27,205.3033828092667
2017-11-28,206.19092258813717
2017-11-29,202.9262013963765
2017-11-30,204.02557040931313
2017-12-01,205.45458332379434
2017-12-04,205.63799398079914
2017-12-05,205.9953757218294
2017-12-06,206.26013948976728
2017-12-07,207.5842609259067
2017-12-08,206.16322219231037
2017-12-11,205.90815534789817
2017-12-12,207.00626544453104
2017-12-13,209.89409615688913
2017-12-14,213.00238895308226
2017-12-15,213.31470173756958
2017-12-18,215.34905634832583
2017-12-19,213.71419415800756
2017-12-20,213.06436900191542
2017-12-21,213.78750503276063
2017-12-22,213.306744122611
2017-12-26,211.6606327577917
2017-12-27,211.53440272101676
2017-12-28,211.59455125745387
2017-12-29,208.60590862897888
2018-01-02,208.60590862897888
2018-01-03,209.40201451014906
2018-01-04,213.8608410870561
2018-01-05,215.66638807818188
2018-01-08,216.48964283196173
2018-01-09,216.9841828947324
2018-01-10,218.89203687789987
2018-01-11,219.3351609147281
2018-01-12,220.27272065045025
2018-01-16,216.48705910469334
2018-01-17,218.6390902519709
2018-01-18,218.9784921359264
2018-01-19,223.02823292607604
2018-01-22,223.8705619696004
2018-01-23,225.08195443276284
2018-01-24,223.15489561652166
2018-01-25,223.00385111511594
2018-01-26,226.01600213487032
2018-01-29,223.0008716369772
2018-01-30,223.56702582532662
2018-01-31,222.8301792992156
2018-02-01,220.3581240037985
2018-02-02,217.80834683379575
2018-02-05,210.67471070897088
2018-02-06,214.36885241818595
2018-02-07,215.23982265483028
2018-02-08,205.21171063436992
2018-02-09,210.19099419846003
2018-02-12,215.6752828331501
2018-02-13,217.5671139717523
2018-02-14,224.89816983489382
2018-02-15,231.6068853396433
2018-02-16,233.55836262975333
2018-02-20,235.80786246411813
2018-02-21,234.4728606078929
2018-02-22,232.3257118942906
2018-02-23,234.54389342773317
2018-02-26,235.9685850414114
2018-02-27,234.122227161414
2018-02-28,230.8220512217045
2018-03-01,225.9702584371516
2018-03-02,231.75513023625075
2018-03-05,234.44279456370526
2018-03-06,236.5556658773287
2018-03-07,237.50722179039929
2018-03-08,237.04493109864035
2018-03-09,243.16660225090172
2018-03-12,245.04407712898558
2018-03-13,244.55777697326974
2018-03-14,247.61737606071426
2018-03-15,245.59814535621982
2018-03-16,247.2417684716724
2018-03-19,242.67827144765752
2018-03-20,245.80524765781504
2018-03-21,245.69128822328008
2018-03-22,242.0744803473426
2018-03-23,236.38645866094794
2018-03-26,243.82261745698693
2018-03-27,239.46941899330295
2018-03-28,237.00114066964755
2018-03-29,241.51237656040652
2018-04-02,236.81655856500853
2018-04-03,238.1580268994843
2018-04-04,240.555559750179
2018-04-05,240.96381591105882
2018-04-06,235.2819180264151
2018-04-09,237.73901907458867
2018-04-10,241.86327958507349
2018-04-11,240.74361767813056
2018-04-12,243.76462806239667
2018-04-13,240.82125538617157
2018-04-16,247.03346539757533
2018-04-17,256.7244652770632
2018-04-18,257.25778260272045
2018-04-19,255.44079238435427
2018-04-20,253.25743524501578
2018-04-23,255.55002145129097
2018-04-24,250.10057616693962
2018-04-25,248.34035981100058
2018-04-26,254.67567682922106
2018-04-27,254.78283639395258
2018-04-30,252.37667081722932
2018-05-01,255.5034107321792
2018-05-02,255.78971022899484
2018-05-03,257.3928049487841
2018-05-04,259.7896527808426
2018-05-07,261.17860779266846
2018-05-08,263.0397731531391
2018-05-09,265.14955310914877
2018-05-10,269.0520334165785
2018-05-11,269.92866202217624
2018-05-14,267.7392433954449
2018-05-15,264.82710007245896
2018-05-16,266.89376293508064
2018-05-17,266.41623020352614
2018-05-18,266.0206216799821
2018-05-21,265.1241257118629
2018-05-22,262.55835332049503
2018-05-23,265.56251940131955
2018-05-24,266.60132104974855
2018-05-25,267.4001086894571
2018-05-29,269.69260867523536
2018-05-30,275.0786393411262
2018-05-31,274.31242008062276
2018-06-01,274.33735951126823
2018-06-04,279.02666692714183
2018-06-05,282.79319792185805
2018-06-06,285.18174805496517
2018-06-07,282.03989621688976
2018-06-08,283.923319878571
2018-06-11,283.8654862033374
2018-06-12,288.12162533782373
2018-06-13,287.1055673370275
2018-06-14,292.9344672752903
2018-06-15,294.61569717287773
2018-06-18,297.72503743341673
2018-06-19,298.65368250233183
2018-06-20,298.1397123661897
2018-06-21,293.08776101591565
2018-06-22,291.1281308320698
2018-06-25,284.0563419358131
2018-06-26,284.1242890073492
2018-06-27,278.6542094808719
2018-06-28,285.1823643366883
2018-06-29,286.344805016878
2018-07-02,286.344805016878
2018-07-03,285.9791897740992
2018-07-05,289.3795283688211
2018-07-06,293.26231257233627
2018-07-09,291.2993530949024
2018-07-10,288.8237679981662
2018-07-11,289.059599828175
2018-07-12,295.0638407807533
2018-07-13,291.4219526596967
2018-07-16,290.0936701944851
2018-07-17,291.73943540901905
2018-07-18,292.04750138425044
2018-07-19,288.35512523944664
2018-07-20,287.445057979154
2018-07-23,288.2699385349335
2018-07-24,287.6042374586566
2018-07-25,293.3283969827321
2018-07-26,293.5967683182379
2018-07-27,288.6894973412095
2018-07-30,279.07038422625203
2018-07-31,280.286903419901
2018-08-01,282.87476443419007
2018-08-02,285.5535381652992
2018-08-03,283.8891129520684
2018-08-06,290.7274642808316
2018-08-07,292.68274517390796
2018-08-08,291.80200701070646
2018-08-09,289.5023083256018
2018-08-10,287.407645522634
2018-08-13,283.9479491069234
2018-08-14,282.74243812790655
2018-08-15,282.3014137123358
2018-08-16,280.9574385915277
2018-08-17,282.9955931553942
2018-08-20,287.3561929679742
2018-08-21,292.4223992925341
2018-08-22,294.5065402152424
2018-08-23,294.3615750885603
2018-08-24,298.9138297507877
2018-08-27,303.2986116259478
2018-08-28,303.1678175297674
2018-08-29,304.3056247168411
2018-08-30,303.09224690031334
2018-08-31,304.8214761666064
2018-09-04,305.744795543319
2018-09-05,292.0920706850987
2018-09-06,294.8342268774275
2018-09-07,295.26795871946854
2018-09-10,294.8936446960326
2018-09-11,298.3129323483164
2018-09-12,298.4036325309097
2018-09-13,298.8511097653116
2018-09-14,301.12009421007895
2018-09-17,292.57309027234464
2018-09-18,294.1839341080539
2018-09-19,293.5899248060325
2018-09-20,296.54818106781227
2018-09-21,295.15639052756563
2018-09-24,295.69143921644604
2018-09-25,296.3511081580763
2018-09-26,298.7767452751124
2018-09-27,299.0537576711035
2018-09-28,298.9431855303524
2018-10-01,296.5416155143691
2018-10-02,290.8276397869135
2018-10-03,293.5845329884701
2018-10-04,285.355701946631
2018-10-05,282.14674848578636
2018-10-08,275.64669317555155
2018-10-09,271.498954628726
2018-10-10,258.1880552331715
2018-10-11,256.74234544039325
2018-10-12,267.90418400477375
2018-10-15,263.8020723591754
2018-10-16,270.5513623588538
2018-10-17,273.0316011088657
2018-10-18,264.1254525537381
2018-10-19,258.56609927496817
2018-10-22,262.438743881473
2018-10-23,261.2392431208462
2018-10-24,248.35379533541757
2018-10-25,255.982352418121
2018-10-26,250.40640411030495
2018-10-29,249.6468059058744
2018-10-30,256.8330286726415
2018-10-31,265.5912527143695
2018-11-01,274.4921383113469
2018-11-02,271.6133851407348
2018-11-05,268.8945691474406
2018-11-06,273.8130068864326
2018-11-07,283.8593097128248
2018-11-08,279.0334940680164
2018-11-09,270.3129634710305
2018-11-12,261.257909322124
2018-11-13,262.5861334115315
2018-11-14,260.2556600587069
2018-11-15,264.7481129167603
2018-11-16,261.0498564567982
2018-11-19,245.61303810866565
2018-11-20,243.6875972126652
2018-11-21,249.95271768200593
2018-11-23,250.87119843972374
2018-11-26,259.59385339087703
2018-11-27,260.65169140403435
2018-11-28,270.5630926648126
2018-11-29,270.13285177325565
2018-11-30,278.2742517193259
2018-12-03,283.19831953065886
2018-12-04,273.49588973011834
2018-12-06,275.7437561141213
2018-12-07,265.6460078078319
2018-12-10,266.1722608702862
2018-12-11,267.69855258187494
2018-12-12,272.226782990609
2018-12-13,268.68756990111734
2018-12-14,264.47359663755265
2018-12-17,254.6256121126162
2018-12-18,258.4841206925427
2018-12-19,253.29707942055643
2018-12-20,247.46482190679438
2018-12-21,237.88906295490793
2018-12-24,236.92738602878848
2018-12-26,252.51896827419375
2018-12-27,256.3762044703316
2018-12-28,254.36092695382575
2018-12-31,255.08790732158556
2019-01-02,255.08790732158556
2019-01-03,248.4221957169322
2019-01-04,259.0037436445519
2019-01-07,262.2260842328495
2019-01-08,267.0216947164368
2019-01-09,267.44246391096874
2019-01-10,269.5233397670251
2019-01-11,269.2432004893678
2019-01-14,266.6470505558838
2019-01-15,270.2451373006917
2019-01-16,271.1087619710853
2019-01-17,273.4182163966043
2019-01-18,277.63690898195057
2019-01-22,273.77590834119644
2019-01-23,273.0014049637419
2019-01-24,275.716567272646
2019-01-25,279.4668221046987
2019-01-28,275.7292107664479
2019-01-29,271.89515238716655
2019-01-30,278.43716410289426
2019-01-31,283.37769506728944
2019-02-01,284.7811443656823
2019-02-04,288.75916504844406
2019-02-05,292.8638319682594
2019-02-06,292.35250522398195
2019-02-07,287.3985572148158
2019-02-08,291.32979634409776
2019-02-11,292.92802576866177
2019-02-12,296.6210720892966
2019-02-13,295.9888565204604
2019-02-14,297.63581124238766
2019-02-15,299.1358909653917
2019-02-19,300.1213190127275
2019-02-20,300.197065547869
2019-02-21,300.6088050287357
2019-02-22,313.42966820209494
2019-02-25,314.9126209513624
2019-02-26,316.07214809131625
2019-02-27,316.93332913743524
2019-02-28,315.28922359719553
2019-03-01,314.99655925194213
2019-03-04,311.33182777122863
2019-03-05,318.50065331294576
2019-03-06,319.107090573653
2019-03-07,316.12835655570683
2019-03-08,316.73815891403564
2019-03-11,322.55457949132654
2019-03-12,322.3960280859217
2019-03-13,324.0047527430363
2019-03-14,324.8533960383081
2019-03-15,325.4761567992077
2019-03-18,326.1562733023976
2019-03-19,325.82026638861936
2019-03-20,325.68653066185215
2019-03-21,330.22355045441054
2019-03-22,321.0697398923373
2019-03-25,322.8001958311692
2019-03-26,324.8737857774888
2019-03-27,324.3984331467738
2019-03-28,327.811757724423
2019-03-29,330.79513380066004
2019-04-01,335.5180486550297
2019-04-02,337.59205859741013
2019-04-03,338.86000953247066
2019-04-04,331.6334579211322
2019-04-05,333.0451420639568
2019-04-08,333.25402124867566
2019-04-09,332.52088518981395
2019-04-10,334.0170012373241
2019-04-11,334.2903636739204
2019-04-12,335.2179877701661
2019-04-15,334.0379797689373
2019-04-16,333.8996858722272
2019-04-17,330.5759070401722
2019-04-18,330.6351731193842
2019-04-22,332.40740622926245
2019-04-23,337.5194473642222
2019-04-24,336.64936693914296
2019-04-25,336.9732270630354
2019-04-26,335.79828216279356
2019-04-29,334.1826404956702
2019-04-30,335.0911616233588
2019-05-01,328.87525550324045
2019-05-02,329.294676416668
2019-05-03,333.4239087883875
2019-05-06,331.0943868767019
2019-05-07,325.4666937386553
2019-05-08,324.64895505150076
2019-05-09,323.4693452707821
2019-05-10,325.7803880298873
2019-05-13,314.8938139251481
2019-05-14,320.8046266423608
2019-05-15,323.9386110535693
2019-05-16,329.1958326550288
2019-05-17,324.39325417387505
2019-05-20,320.6249635001285
2019-05-21,325.71688131406427
2019-05-22,326.0848525230682
2019-05-23,323.5250130992668
2019-05-24,333.05811080616223
2019-05-28,332.6824547512398
2019-05-29,325.2293409150376
2019-05-30,327.08425171916815
2019-05-31,323.7724113884982
2019-06-03,315.59953262741345
2019-06-04,323.0599606836933
2019-06-05,326.6846796017127
2019-06-06,328.94904658076496
2019-06-07,334.52895490026344
2019-06-10,338.9034810304768
2019-06-11,335.3333132920192
2019-06-12,336.6483486058267
2019-06-13,335.9927572580806
2019-06-14,332.05648099497876
2019-06-17,332.96581028431956
2019-06-18,338.3851689456939
2019-06-19,342.7480473995497
2019-06-20,346.2649996259703
2019-06-21,341.2180004560578
2019-06-24,339.5961659537404
2019-06-25,333.0883846884278
2019-06-26,334.31629578481346
2019-06-27,336.24521885163597
2019-06-28,338.2590522558218
2019-07-01,338.2590522558218
2019-07-02,339.34817096323536
2019-07-03,341.1788411453036
2019-07-05,343.03747136812433
2019-07-08,335.93168848445663
2019-07-09,338.50017804587895
2019-07-10,338.83393900372306
2019-07-11,338.5772586653883
2019-07-12,341.1044720168172
2019-07-15,340.86305472060525
2019-07-16,338.3640985728573
2019-07-17,336.8378470917312
2019-07-18,338.7860114875057
2019-07-19,336.1948479961504
2019-07-22,338.2220260197991
2019-07-23,342.3278715584167
2019-07-24,347.56079747976275
2019-07-25,347.4091303594846
2019-07-26,351.29973920488845
2019-07-29,346.53433650888917
2019-07-30,343.1559592513372
2019-07-31,338.8973393295668
2019-08-01,334.7551848058766
2019-08-02,328.1131805556109
2019-08-05,314.6103421963801
2019-08-06,314.89808740808024
2019-08-07,321.31399407769965
2019-08-08,341.0254002952243
2019-08-09,337.1256006837762
2019-08-12,333.76272104204253
2019-08-13,338.50285829826635
2019-08-14,327.50464518248486
2019-08-15,328.45256138481756
2019-08-16,333.0931474228074
2019-08-19,337.3206587730954
2019-08-20,337.7697660764084
2019-08-21,343.07561727126324
2019-08-22,340.5316743189945
2019-08-23,331.66328102831886
2019-08-26,334.98426882009664
2019-08-27,334.0173601187997
2019-08-28,336.1490281087792
2019-08-29,340.03114004457456
2019-08-30,340.7021864147319
2019-09-03,335.80738150564565
2019-09-04,340.89758234495577
2019-09-05,345.5036788499949
2019-09-06,345.52288027241303
2019-09-09,346.2119014753469
2019-09-10,343.41585653558246
2019-09-11,350.242318187869
2019-09-12,349.4541891036355
2019-09-13,350.85679920215034
2019-09-16,352.13639558627204
2019-09-17,352.4340269168633
2019-09-18,347.11520284648606
2019-09-19,344.5528840690223
2019-09-20,341.4760592715856
2019-09-23,338.23324286730866
2019-09-24,330.5442587023497
2019-09-25,332.20513028494514
2019-09-26,327.20101508086606
2019-09-27,320.5793745965198
2019-09-30,322.69522864181744
2019-10-01,322.9356414780763
2019-10-02,319.12447750587586
2019-10-03,326.35075880082036
2019-10-04,328.91776549432393
2019-10-07,327.82585843182494
2019-10-08,322.9469920398004
2019-10-09,326.09483395467396
2019-10-10,328.48341559558725
2019-10-11,334.16002775377916
2019-10-14,335.5524535348972
2019-10-15,340.41989550062425
2019-10-16,338.9214137618119
2019-10-17,339.175865846241
2019-10-18,332.15704606618067
2019-10-21,336.3072263968751
2019-10-22,334.1733444769599
2019-10-23,333.95397092583687
2019-10-24,339.2470373856338
2019-10-25,342.529249364305
2019-10-28,344.65617475832477
2019-10-29,342.466221829467
2019-10-30,343.7263739444237
2019-10-31,340.5581508298506
2019-11-01,341.9207051348336
2019-11-04,342.89667221068873
2019-11-05,343.15965477311653
2019-11-06,338.9721928355881
2019-11-07,318.1193931700839
2019-11-08,321.806210627074
2019-11-11,321.5889260603152
2019-11-12,320.4514470684682
2019-11-13,317.0109850881647
2019-11-14,317.19601919371644
2019-11-15,317.873820537008
2019-11-18,318.3503282081673
2019-11-19,321.2665465395175
2019-11-20,319.83622078846633
2019-11-21,321.2605276270609
2019-11-22,324.99585078897024
2019-11-25,329.37490855716936
2019-11-26,331.16359193454224
2019-11-27,334.5891948175515
2019-11-29,334.34600940192354
2019-12-02,327.13080456640955
2019-12-03,327.07241325468163
2019-12-04,329.52767912170447
2019-12-05,330.20430525125744
2019-12-06,334.8556827561835
2019-12-09,332.980248302511
2019-12-10,333.539698052483
2019-12-11,335.52284778151727
2019-12-12,340.0953632762992
2019-12-13,342.62724634582736
2019-12-16,347.2389308343057
2019-12-17,346.10507834546934
2019-12-18,344.5910276780952
2019-12-19,347.13421698974065
2019-12-20,350.1100207841516
2019-12-23,349.6110907835803
2019-12-24,351.3161391425303
2019-12-26,354.11658695157155
2019-12-27,353.8895839367647
2019-12-30,349.38681325401626
2019-12-31,349.3001697703347
2020-01-02,349.3001697703347
2020-01-03,343.71810453516974
2020-01-06,344.56211031009803
2020-01-07,352.8949444712419
2020-01-08,351.0206071929906
2020-01-09,354.2767232858154
2020-01-10,353.9121166871474
2020-01-13,362.9151711609544
2020-01-14,375.74020690643283
2020-01-15,371.6227011039133
2020-01-16,377.93462779598275
2020-01-17,381.0650233797686
2020-01-21,366.56462022339565
2020-01-22,356.9881621621763
2020-01-23,355.02952495499346
2020-01-24,346.2271941439369
2020-01-27,342.5299797701064
2020-01-28,350.8047147714994
2020-01-29,351.1713176681091
2020-01-30,352.1357787186032
2020-01-31,340.24888624828037
2020-02-03,345.76418113718455
2020-02-04,354.1157157696387
2020-02-05,350.58496819161746
2020-02-06,357.4638832987762
2020-02-07,362.7950137930004
2020-02-10,355.3990044300694
2020-02-11,367.5529025130114
2020-02-12,371.99386297088654
2020-02-13,366.7133996656322
2020-02-14,362.9296371490148
2020-02-18,361.8226615566012
2020-02-19,369.5606701561726
2020-02-20,367.6173604253236
2020-02-21,361.73643633898337
2020-02-24,345.0807667774674
2020-02-25,333.45857086635544
2020-02-26,331.2849927683281
2020-02-27,330.2571628925422
2020-02-28,326.9601625084723
2020-03-02,330.3515920739136
2020-03-03,320.82649333953617
2020-03-04,324.6928525633351
2020-03-05,318.6141117213309
2020-03-06,313.18379565698854
2020-03-09,284.91532080344615
2020-03-10,294.8924923550369
2020-03-11,274.27830985421934
2020-03-12,244.31858463206677
2020-03-13,254.25935810005643
2020-03-16,224.95051979384283
2020-03-17,235.40137884131389
2020-03-18,216.41617690776576
2020-03-19,230.31177386827963
2020-03-20,229.60846879171558
2020-03-23,227.60889918456678
2020-03-24,251.84846376636258
2020-03-25,261.0131564959304
2020-03-26,274.2994058611035
2020-03-27,262.22865847471576
2020-03-30,260.9711099169264
2020-03-31,262.7653882528868
2020-04-01,246.15750877912402
2020-04-02,244.19308390805617
2020-04-03,242.66297868144943
2020-04-06,266.7740572119784
2020-04-07,272.89980114823135
2020-04-08,286.5240520735618
2020-04-09,293.4230237210003
2020-04-13,287.4953606720114
2020-04-14,294.1203586088881
2020-04-15,290.9736291367732
2020-04-16,291.9913627650638
2020-04-17,299.40527764443686
2020-04-20,300.37173357420113
2020-04-21,291.97548055196296
2020-04-22,301.8639458416179
2020-04-23,306.4968926175927
2020-04-24,317.86751937114366
2020-04-27,328.94577390758036
2020-04-28,322.4574129896473
2020-04-29,340.2042999521863
2020-04-30,333.09169129921406
2020-05-01,318.5566084932822
2020-05-04,322.7942122918169
2020-05-05,331.443515148852
2020-05-06,322.2778044692173
2020-05-07,329.6412670932766
2020-05-08,340.8488427658493
2020-05-11,331.0689594460772
2020-05-12,325.4707553983429
2020-05-13,318.1038336247584
2020-05-14,318.9096416839978
2020-05-15,328.0716303449938
2020-05-18,335.89642683290293
2020-05-19,338.0256546577903
2020-05-20,339.0370165581387
2020-05-21,336.972729776745
2020-05-22,332.85606411442234
2020-05-26,348.5878711173623
2020-05-27,345.8586303852443
2020-05-28,346.6399963970783
2020-05-29,359.30775387253016
2020-06-01,357.95953533769654
2020-06-02,371.513369722896
2020-06-03,383.530019043794
2020-06-04,385.6159866947983
2020-06-05,395.29665117574996
2020-06-08,399.07817836592517
2020-06-09,395.4000023831939
2020-06-10,390.00090034717994
2020-06-11,367.8587980387841
2020-06-12,377.286124319669
2020-06-15,376.32094395233946
2020-06-16,377.0841618153087
2020-06-17,381.5884734719304
2020-06-18,383.77908410223114
2020-06-19,390.0997915930477
2020-06-22,393.40732880327306
2020-06-23,395.80422927285036
2020-06-24,385.21845283734734
2020-06-25,387.1372695522004
2020-06-26,372.7014500083703
2020-06-29,374.7755720787355
2020-06-30,374.60208623921994
2020-07-01,374.60208623921994
2020-07-02,379.5201910082675
2020-07-06,385.7520413846694
2020-07-07,387.49349520563055
2020-07-08,395.58988098888113
2020-07-09,398.74365052819473
2020-07-10,393.0113728504291
2020-07-13,376.75484848193105
2020-07-14,379.1744652628734
2020-07-15,379.2964717837167
2020-07-16,379.5833348182941
2020-07-17,382.8349911452924
2020-07-20,393.01820889018893
2020-07-21,391.36090725960315
2020-07-22,392.9553443579119
2020-07-23,387.1119189585298
2020-07-24,384.14929710820485
2020-07-27,388.72067801679975
2020-07-28,386.28830769562876
2020-07-29,396.7802412489336
2020-07-30,400.84949325034
2020-07-31,418.2226801701082
2020-08-03,430.36579299074987
2020-08-04,430.5013007899207
2020-08-05,437.35691046051943
2020-08-06,456.4174086254137
2020-08-07,443.07675546492663
2020-08-10,440.3343194398798
2020-08-11,432.9739329603285
2020-08-12,437.3214370590112
2020-08-13,446.06597236335233
2020-08-14,447.00705750206873
2020-08-17,451.47777243949383
2020-08-18,457.3808836795336
2020-08-19,454.29722924011566
2020-08-20,458.3606876705932
2020-08-21,455.93680859183894
2020-08-24,452.26511921090474
2020-08-25,455.6943104253234
2020-08-26,463.1923925295669
2020-08-27,461.3470919954131
2020-08-28,467.21122754396237
2020-08-31,470.2186062686027
2020-09-01,492.6711827767545
2020-09-02,488.960166122916
2020-09-03,462.09523459937793
2020-09-04,447.77416731514
2020-09-08,440.77886499816435
2020-09-09,448.19899435053253
2020-09-10,445.1522332558735
2020-09-11,436.27069674990105
2020-09-14,439.94387999247573
2020-09-15,442.94486570767515
2020-09-16,441.95380899904546
2020-09-17,434.81117202994176
2020-09-18,436.1151406781386
2020-09-21,444.8810506426278
2020-09-22,468.50745577987493
2020-09-23,463.6394669596967
2020-09-24,457.5496364259314
2020-09-25,464.3266099889086
2020-09-28,473.8487631532573
2020-09-29,474.2433593996984
2020-09-30,472.55012719957614
2020-10-01,487.7902652589274
2020-10-02,477.07102421596585
2020-10-05,483.31384159390865
2020-10-06,478.1000904350279
2020-10-07,486.4378793709165
2020-10-08,487.10536138869696
2020-10-09,493.9990689132768
2020-10-12,496.56240690621235
2020-10-13,501.95688463102675
2020-10-14,496.18025992785755
2020-10-15,499.78333350678315
2020-10-16,498.25482927218627
2020-10-19,498.0195553840209
2020-10-20,492.0362166668753
2020-10-21,486.7181229931963
2020-10-22,489.7395880742529
2020-10-23,495.287830594993
2020-10-26,489.6224495940824
2020-10-27,496.41229768464814
2020-10-28,490.6767488430846
2020-10-29,494.9403799022407
2020-10-30,479.47689188855384
2020-11-02,480.40709675780914
2020-11-03,489.4778524256039
2020-11-04,510.92710323560055
2020-11-05,522.6256756282172
2020-11-06,538.3787376951875
2020-11-09,499.3322744685681
2020-11-10,494.06642621494655
2020-11-11,513.0478533457991
2020-11-12,516.8496747804958
2020-11-13,512.9707494567803
2020-11-16,513.8227467092898
2020-11-17,521.9436408824876
2020-11-18,525.1207717905731
2020-11-19,533.0231090931302
2020-11-20,539.9550287796984
2020-11-23,539.6684927881159
2020-11-24,533.2812569258647
2020-11-25,545.0552210264772
2020-11-27,560.1389356317462
2020-11-30,560.7383931254509
2020-12-01,553.3770902622791
2020-12-02,543.7269022248718
2020-12-03,549.6923868178417
2020-12-04,555.9653036995709
2020-12-07,560.596236683852
2020-12-08,564.6475753472889
2020-12-09,555.1341591351685
2020-12-10,567.894685934736
2020-12-11,569.7897634673463
2020-12-14,565.1801240289634
2020-12-15,573.8792096491517
2020-12-16,577.8110425645867
2020-12-17,591.4426144258762
2020-12-18,591.0856347692569
2020-12-21,599.8201260270379
2020-12-22,608.8038447028985
2020-12-23,595.5534042773298
2020-12-24,596.4617128617855
2020-12-28,572.2274235025085
2020-12-29,569.8655516528777
2020-12-30,570.4094737300543
2020-12-31,562.7113734732684
2021-01-04,562.7113734732684
2021-01-05,583.3942752059725
2021-01-06,572.2882070540169
2021-01-07,591.9431375769892
2021-01-08,590.5091799966264
2021-01-11,587.8984968505637
2021-01-12,618.6766181693934
2021-01-13,629.0294859516783
2021-01-14,638.8290189641649
2021-01-15,621.5516970288828
2021-01-19,628.4427336280451
2021-01-20,624.8643927672806
2021-01-21,626.7448362053824
2021-01-22,627.3199148087137
2021-01-25,616.8358717876416
2021-01-26,603.7700329746428
2021-01-27,598.5091364033775
2021-01-28,617.7353184906079
2021-01-29,598.9917154885097
2021-02-01,616.7325993114554
2021-02-02,630.5968769962348
2021-02-03,637.1925228197887
2021-02-04,636.1515798321644
2021-02-05,683.1971400933247
2021-02-08,682.3223878852947
2021-02-09,687.9070927428215
2021-02-10,701.9971887128056
2021-02-11,697.8054022964119
2021-02-12,716.7049350929333
2021-02-16,703.066580880942
2021-02-17,686.9426043094355
2021-02-18,688.4924846338834
2021-02-19,717.7110075281087
2021-02-22,688.4302424471578
2021-02-23,691.3223488239441
2021-02-24,680.9403847778888
2021-02-25,650.2710750126516
2021-02-26,679.9114361957171
2021-03-01,716.8946278789878
2021-03-02,694.4670002811547
2021-03-03,658.4459667377548
2021-03-04,624.2626377777134
2021-03-05,617.0635662631425
2021-03-08,587.8994249299868
2021-03-09,627.1662384448927
2021-03-10,628.4944847872262
2021-03-11,673.9653904028356
2021-03-12,679.6260430269415
2021-03-15,686.4909165765436
2021-03-16,665.8595044803877
2021-03-17,672.7246524928833
2021-03-18,637.8253696454199
2021-03-19,657.7794041549153
2021-03-22,666.8457798397694
2021-03-23,655.1423977086663
2021-03-24,609.0920576398454
2021-03-25,616.9274503052588
2021-03-26,622.1453131700797
2021-03-29,604.40758342419
2021-03-30,612.3164118075155
2021-03-31,630.9595326105905
2021-04-01,637.8583738106208
2021-04-05,625.7594584961284
2021-04-06,634.2726532020637
2021-04-07,626.3551151078217
2021-04-08,629.5820301717512
2021-04-09,638.1251600027367
2021-04-12,624.4701692820645
2021-04-13,637.2851738915078
2021-04-14,633.7232607931743
2021-04-15,626.215687972468
2021-04-16,620.4764315441998
2021-04-19,597.0616136419831
2021-04-20,579.6657837633812
2021-04-21,596.1357504456379
2021-04-22,602.6696282630959
2021-04-23,612.679569067795
2021-04-26,624.4106807942787
2021-04-27,626.5812756412254
2021-04-28,626.2813123895277
2021-04-29,621.2933278627073
2021-04-30,608.5467542212359
2021-05-03,604.7461752590963
2021-05-04,588.3692164257269
2021-05-05,568.7539333625259
2021-05-06,544.5088633920099
2021-05-07,570.46701612561
2021-05-10,552.7449719774269
2021-05-11,566.7918546308076
2021-05-12,539.953158678719
2021-05-13,527.8608148524957
2021-05-14,549.351609436737
2021-05-17,556.8528458939404
2021-05-18,561.7239158291385
2021-05-19,558.410423050298
2021-05-20,568.1002195747412
2021-05-21,559.751813228483
2021-05-24,570.7504911625683
2021-05-25,573.6276378854194
2021-05-26,585.794647210549
2021-05-27,587.8009835375383
2021-05-28,584.7642294271747
2021-06-01,589.3579671721662
2021-06-02,611.3076535982589
2021-06-03,594.0925761819831
2021-06-04,591.3518321776498
2021-06-07,600.0588029118629
2021-06-08,618.5595443551633
2021-06-09,609.6397358272192
2021-06-10,613.5749974825943
2021-06-11,608.2860363721044
2021-06-14,609.3092801155981
2021-06-15,605.028520181287
2021-06-16,621.2388455434519
2021-06-17,634.3010515412665
2021-06-18,631.1242745460096
2021-06-21,638.0674066401473
2021-06-22,649.1293540849282
2021-06-23,662.0125323973735
2021-06-24,670.4322037732484
2021-06-25,667.5535212860445
2021-06-28,677.338764216489
2021-06-29,675.6404191608165
2021-06-30,666.9123760097893
2021-07-01,666.9123760097893
2021-07-02,669.761693038148
2021-07-06,666.79741758801
2021-07-07,653.1115270387952
2021-07-08,648.1133482990057
2021-07-09,661.5677128814106
2021-07-12,657.2986340858555
2021-07-13,649.8367130256602
2021-07-14,638.5827632497153
2021-07-15,632.7267977921452
2021-07-16,625.2138017730549
2021-07-19,611.7337923936767
2021-07-20,628.8335175279665
2021-07-21,642.674252540537
2021-07-22,642.0030896695133
2021-07-23,639.7409503509241
2021-07-26,643.3122655048043
2021-07-27,644.1859938387496
2021-07-28,650.7729775262578
2021-07-29,648.077485756515
2021-07-30,640.4638702860303
2021-08-02,639.8298453604572
2021-08-03,629.4299152024105
2021-08-04,626.1146157137969
2021-08-05,653.8277194995665
2021-08-06,649.2593884604063
2021-08-09,648.1102886947385
2021-08-10,652.0130969765564
2021-08-11,651.4728343962488
2021-08-12,653.5753283900228
2021-08-13,659.5438522620699
2021-08-16,642.8099190632148
2021-08-17,636.3473071132461
2021-08-18,641.6186099272746
2021-08-19,640.042565696984
2021-08-20,642.022219211438
2021-08-23,661.1483242981202
2021-08-24,687.6776242811403
2021-08-25,692.3005262465493
2021-08-26,684.7126478356544
2021-08-27,690.8733647005879
2021-08-30,690.959500072583
2021-08-31,693.1261921970489
2021-09-01,698.8971067352057
2021-09-02,697.0831860689444
2021-09-03,702.6544826311601
2021-09-07,711.8537811742608
2021-09-08,703.719067921766
2021-09-09,706.4041992137468
2021-09-10,699.0786521204789
2021-09-13,692.2611808180452
2021-09-14,692.9776789448775
2021-09-15,703.915269180533
2021-09-16,707.5359429412149
2021-09-17,702.3112946398355
2021-09-20,693.2200871412614
2021-09-21,699.7929997424361
2021-09-22,715.8681916486283
2021-09-23,732.4851527488717
2021-09-24,735.4460751287775
2021-09-27,729.8739634936693
2021-09-28,709.8537891379045
2021-09-29,702.6758110960536
2021-09-30,702.1301624926186
2021-10-01,719.4033304808886
2021-10-04,701.8546358352249
2021-10-05,704.0960054531116
2021-10-06,711.3233242376906
2021-10-07,719.6887556841707
2021-10-08,717.9770683108646
2021-10-11,713.282649297673
2021-10-12,725.439792646816
2021-10-13,731.6129961814906
2021-10-14,734.904434772001
2021-10-15,740.6068821668536
2021-10-18,739.2471727611867
2021-10-19,732.6930194118062
2021-10-20,722.7531502826673
2021-10-21,730.4257234416976
2021-10-22,723.1869541448717
2021-10-25,723.2381844581565
2021-10-26,726.658724179804
2021-10-27,722.7669350782293
2021-10-28,726.6910319655339
2021-10-29,725.2613013460129
2021-11-01,738.5627030504279
2021-11-02,728.2014528731395
2021-11-03,725.6067766489983
2021-11-04,733.5075309329437
2021-11-05,776.711668640073
2021-11-08,785.2773201752246
2021-11-09,788.2985002412836
2021-11-10,762.2385668733679
2021-11-11,755.4915205212488
2021-11-12,769.0862592143659
2021-11-15,763.2412405719448
2021-11-16,762.2354145307148
2021-11-17,751.0280608223667
2021-11-18,753.8519798814604
2021-11-19,738.8971866217578
2021-11-22,713.3510966423305
2021-11-23,713.8236359785149
2021-11-24,718.2998361875551
2021-11-26,689.5926096394562
2021-11-29,702.9711163908617
2021-11-30,680.8523309899
2021-12-01,658.3654051386926
2021-12-02,681.103237408044
2021-12-03,643.2180804982617
2021-12-06,672.3253815287115
2021-12-07,686.9408335097951
2021-12-08,702.3293796659057
2021-12-09,684.5066658250545
2021-12-10,676.8111154304715
2021-12-13,652.1927032875828
2021-12-14,639.967372762203
2021-12-15,640.3651626566913
2021-12-16,619.0279812343463
2021-12-17,635.6011445555814
2021-12-20,625.45289071098
2021-12-21,666.9509786345519
2021-12-22,672.7869158262349
2021-12-23,680.3424188430846
2021-12-27,678.2345352191953
2021-12-28,672.585686447694
2021-12-29,666.9026142040507
2021-12-30,677.935395613172
2021-12-31,674.0796529762492
2022-01-03,674.0796529762492
2022-01-04,655.1542968647316
2022-01-05,625.5058603858879
2022-01-06,626.309284612811
2022-01-07,609.8611573420098
2022-01-10,613.4103980835022
2022-01-11,624.0266510934451
2022-01-12,621.6676794935216
2022-01-13,595.0194068674352
2022-01-14,591.8078622710595
2022-01-18,574.9887230835499
2022-01-19,578.6129007645336
2022-01-20,575.2130723288549
2022-01-21,556.8231982290413
2022-01-24,571.8504138022131
2022-01-25,551.6009539477695
2022-01-26,538.9807308230455
2022-01-27,539.0521384914247
2022-01-28,561.9310275610161
2022-01-31,592.9361061976927
2022-02-01,596.4415731231136
2022-02-02,585.8301520498866
2022-02-03,558.3045555463939
2022-02-04,574.6495813970873
2022-02-07,576.0658767588848
2022-02-08,586.0654173788324
2022-02-09,609.4697619857146
2022-02-10,596.2779563771462
2022-02-11,576.8806871153284
2022-02-14,574.6353251246567
2022-02-15,584.9431566709538
2022-02-16,571.6420377895229
2022-02-17,543.6553138192508
2022-02-18,529.8743919074673
2022-02-22,525.8711829731311
2022-02-23,509.46092495940843
2022-02-24,539.4455278719388
2022-02-25,541.8919334354063
2022-02-28,541.9935862146867
2022-03-01,539.1287123229909
2022-03-02,548.2177951385474
2022-03-03,531.4074469816562
2022-03-04,516.548523013463
2022-03-07,485.54834798020295
2022-03-08,485.8658993843182
2022-03-09,512.7953725944549
2022-03-10,501.13930926319426
2022-03-11,483.82063938140834
2022-03-14,467.3768172277153
2022-03-15,481.983708092794
2022-03-16,510.2606091070775
2022-03-17,526.5478073564659
2022-03-18,543.8063394874912
2022-03-21,533.0818827660022
2022-03-22,546.107133254483
2022-03-23,534.3229008351984
2022-03-24,542.899523960342
2022-03-25,532.1767674831125
2022-03-28,549.9797082610218
2022-03-29,565.7862442265514
2022-03-30,547.8729616983173
2022-03-31,544.8885153581655
2022-04-01,548.9937607116236
2022-04-04,569.2017033732734
2022-04-05,554.6022117608725
2022-04-06,539.5114955873771
2022-04-07,542.8406987271287
2022-04-08,532.9355083057666
2022-04-11,529.4545418958571
2022-04-12,520.6898298659136
2022-04-13,532.4337185569966
2022-04-14,518.4106161552198
2022-04-18,514.132709343897
2022-04-19,532.585312046648
2022-04-20,519.9503513670481
2022-04-21,501.36935680453774
2022-04-22,484.6733284647759
2022-04-25,492.4706462668585
2022-04-26,467.10182211168916
2022-04-27,466.30079909401417
2022-04-28,489.96540606756037
2022-04-29,465.52905903471236
2022-05-02,476.81639515067246
2022-05-03,471.5139996279182
2022-05-04,490.8417060134454
2022-05-05,451.4357162654738
2022-05-06,437.71172974455635
2022-05-09,410.50163838412664
2022-05-10,413.8804426097389
2022-05-11,393.7861202320871
2022-05-12,398.62583775194474
2022-05-13,429.676859619719
2022-05-16,414.1716814645967
2022-05-17,421.93502701630075
2022-05-18,397.9274499371746
2022-05-19,411.2826968602526
2022-05-20,412.39817081369983
2022-05-23,414.1380474402479
2022-05-24,395.90621181885786
2022-05-25,418.4353575679217
2022-05-26,435.045462051972
2022-05-27,445.22467548756373
2022-05-31,434.0917844624588
2022-06-01,429.7513832336659
2022-06-02,456.20266500366415
2022-06-03,440.06682916201225
2022-06-06,440.3588234975098
2022-06-07,447.91071491518085
2022-06-08,446.8196555173422
2022-06-09,433.5289835438556
2022-06-10,409.68676463726916
2022-06-13,387.4308460629232
2022-06-14,386.8119634247131
2022-06-15,401.1358922158558
2022-06-16,381.50023867068205
2022-06-17,392.3227671968552
2022-06-21,398.44083389756213
2022-06-22,400.735529902976
2022-06-23,421.7379811585497
2022-06-24,440.5557333374561
2022-06-27,428.59350857392246
2022-06-28,409.8000673951122
2022-06-29,411.15567818321284
2022-06-30,402.574089226342
2022-07-01,402.574089226342
2022-07-05,413.2240525260066
2022-07-06,401.3727148892503
2022-07-07,415.1844738314722
2022-07-08,411.8320225014071
2022-07-11,393.7231362662198
2022-07-12,393.11478047633324
2022-07-13,393.7170913724206
2022-07-14,379.2654369437745
2022-07-15,390.8134039937185
2022-07-18,396.46003852980664
2022-07-19,412.5245435931606
2022-07-20,426.3843777603189
2022-07-21,428.8518066841483
2022-07-22,413.5053361725231
2022-07-25,414.34528990583175
2022-07-26,400.74422946178873
2022-07-27,421.9799814488379
2022-07-28,426.1068132901775
2022-07-29,429.41901029822435
2022-08-01,428.3100706966712
2022-08-02,442.28080061670533
2022-08-03,452.73784295403584
2022-08-04,454.8729739345471
2022-08-05,456.4020139400822
2022-08-08,461.679119823432
2022-08-09,455.22667244231945
2022-08-10,474.45498599688653
2022-08-11,476.93360978691373
2022-08-12,488.2893988294872
2022-08-15,489.6744524694865
2022-08-16,487.7873664591585
2022-08-17,478.35778195121765
2022-08-18,478.1854601479013
2022-08-19,462.37351922804123
2022-08-22,447.76643585831624
2022-08-23,448.31875311430656
2022-08-24,454.13758212993287
2022-08-25,464.0018521919731
2022-08-26,445.7099191169837
2022-08-29,441.6112865957473
2022-08-30,436.41220780334226
2022-08-31,437.3863145325314
2022-09-01,429.4987842383545
2022-09-02,428.34095631319485
2022-09-06,424.48775504852347
2022-09-07,433.7507102221407
2022-09-08,442.0733769492921
2022-09-09,463.28840130488163
2022-09-12,471.3376214108857
2022-09-13,451.17772253945895
2022-09-14,461.7401962724626
2022-09-15,461.11223010028976
2022-09-16,441.2497591558447
2022-09-19,446.24919163057257
2022-09-20,443.313599120247
2022-09-21,427.24286860600824
2022-09-22,409.422621881431
2022-09-23,401.50626089128684
2022-09-26,403.33453074602795
2022-09-27,409.01762212355385
2022-09-28,424.38936331593635
2022-09-29,411.6905676276018
2022-09-30,406.07825615098716
2022-10-03,413.19801296891933
2022-10-04,434.52394165268544
2022-10-05,432.81244498575336
2022-10-06,429.36749405252647
2022-10-07,416.23014214452735
2022-10-10,408.5297119032498
2022-10-11,393.9541911069017
2022-10-12,401.81421222056304
2022-10-13,402.6239844471556
2022-10-14,389.9333045105146
2022-10-17,410.2632166843934
2022-10-18,418.4205260635952
2022-10-19,408.8671898514999
2022-10-20,411.28728553857087
2022-10-21,417.5581261577167
2022-10-24,406.94650126030706
2022-10-25,425.76681539674473
2022-10-26,420.153445579624
2022-10-27,417.85470981352285
2022-10-28,426.86793646518686
2022-10-31,420.223046487976
2022-11-01,425.22945811808734
2022-11-02,397.2049800147757
2022-11-03,401.71077437303677
2022-11-04,404.502723053899
2022-11-07,398.45180515719534
2022-11-08,404.60423074263355
2022-11-09,393.78387779903903
2022-11-10,427.8484875752015
2022-11-11,446.7296266388555
2022-11-14,436.37944804978184
2022-11-15,448.1316130295819
2022-11-16,439.54095690347833
2022-11-17,424.8286287675201
2022-11-18,419.7919539016366
2022-11-21,412.42225234905357
2022-11-22,415.1619213599001
2022-11-23,423.614516811468
2022-11-25,423.87690225532805
2022-11-28,422.8149793977868
2022-11-29,426.06541209106985
2022-11-30,449.3301106301418
2022-12-01,448.96671898987864
2022-12-02,450.2593389234942
2022-12-05,437.1607253397413
2022-12-06,427.10796912792085
2022-12-07,418.06765386576
2022-12-08,432.36266511594016
2022-12-09,433.48961425866645
2022-12-12,444.7949915142824
2022-12-13,448.35520435954624
2022-12-14,447.84970308491444
2022-12-15,435.8923147650988
2022-12-16,432.18613627010205
2022-12-19,423.71076413495143
2022-12-20,427.5111345683374
2022-12-21,431.33938558110646
2022-12-22,421.3418159583567
2022-12-23,422.84177449249813
2022-12-27,420.4597418375775
2022-12-28,413.9583152468474
2022-12-29,428.5914333037429
2022-12-30,430.0270228284546
2023-01-03,430.0270228284546
2023-01-04,433.6503071260205
2023-01-05,425.57569539893626
2023-01-06,434.61426989844335
2023-01-09,440.2344762211743
2023-01-10,445.30788416056987
2023-01-11,457.6765141975527
2023-01-12,459.14748011699055
2023-01-13,463.0501115533769
2023-01-17,470.5532801879616
2023-01-18,465.6751187065054
2023-01-19,458.2258240643645
2023-01-20,469.6551532562039
2023-01-23,480.4964224618015
2023-01-24,476.164843670201
2023-01-25,478.7484820611369
2023-01-26,482.85135661977586
2023-01-27,494.74161423404604
2023-01-30,483.8389946359051
2023-01-31,492.65667955528323
2023-02-01,509.032381281573
2023-02-02,527.8501320077175
2023-02-03,513.0772371293554
2023-02-06,507.87068596520567
2023-02-07,504.2422422118949
2023-02-08,500.1967712948014
2023-02-09,494.83878316656995
2023-02-10,484.61376124703685
2023-02-13,495.2281961291263
2023-02-14,503.6568431794135
2023-02-15,513.9211735169843
2023-02-16,502.67414738946104
2023-02-17,492.32303677777605
2023-02-21,485.7511624978612
2023-02-22,489.22836471989376
2023-02-23,492.141819217563
2023-02-24,485.4177853746685
2023-02-27,489.44706047275065
2023-02-28,492.5092960315215
2023-03-01,499.79228075061724
2023-03-02,506.9099851821754
2023-03-03,513.5185903103378
2023-03-06,512.1416357031699
2023-03-07,508.8702115461447
2023-03-08,508.41120005827935
2023-03-09,494.6563390784953
2023-03-10,482.775889308502
2023-03-13,483.2975303485853
2023-03-14,491.2476470945039
2023-03-15,487.7268704095355
2023-03-16,499.7085916166305
2023-03-17,497.84666740273383
2023-03-20,499.44914688759434
2023-03-21,511.1951465414808
2023-03-22,505.81579709057854
2023-03-23,504.1925627800225
2023-03-24,500.9143835395353
2023-03-27,506.8711534326935
2023-03-28,505.0602302939004
2023-03-29,511.0222858829616
2023-03-30,508.35559353659863
2023-03-31,523.4049495972378
2023-04-03,523.4735634190705
2023-04-04,521.2632845459275
2023-04-05,507.9831834698161
2023-04-06,511.97395841971087
2023-04-10,512.2088867083994
2023-04-11,515.4328139968038
2023-04-12,512.2764308616171
2023-04-13,518.5208019297322
2023-04-14,517.2620292743336
2023-04-17,517.8998623114226
2023-04-18,517.2820206245945
2023-04-19,518.2406203520644
2023-04-20,512.917312866047
2023-04-21,514.5993174181859
2023-04-24,514.5388151723984
2023-04-25,502.80341565349363
2023-04-26,498.35970964483056
2023-04-27,502.60596448816483
2023-04-28,494.7135517054414
2023-05-01,491.39257509118846
2023-05-02,481.74292200545926
2023-05-03,480.8088802991338
2023-05-04,475.74270449327224
2023-05-05,484.3232158029298
2023-05-08,495.42351989194856
2023-05-09,496.33817518112437
2023-05-10,505.8484239277913
2023-05-11,509.28442975848515
2023-05-12,507.7733245562376
2023-05-15,520.7898479481676
2023-05-16,512.9496843830503
2023-05-17,518.7388820333888
2023-05-18,537.2725167051584
2023-05-19,532.0037767859089
2023-05-22,541.6905373464605
2023-05-23,534.7736638253862
2023-05-24,536.2807261106857
2023-05-25,532.6932982013751
2023-05-26,539.10839006539
2023-05-30,540.761779280905
2023-05-31,537.6227866403838
2023-06-01,552.612795341696
2023-06-02,555.7596194235468
2023-06-05,562.3892157930186
2023-06-06,572.2160477797961
2023-06-07,553.9904850588431
2023-06-08,558.3949242338863
2023-06-09,553.740712164613
2023-06-12,563.3156399181757
2023-06-13,569.3838565253419
2023-06-14,567.6905752222611
2023-06-15,573.1876002707229
2023-06-16,568.7542654909317
2023-06-20,565.1946954846106
2023-06-21,562.6191359792864
2023-06-22,569.9692807134477
2023-06-23,565.340831564964
2023-06-26,556.7368703264037
2023-06-27,564.8008849351315
2023-06-28,575.4893838122297
2023-06-29,571.1648416976097
2023-06-30,576.7279866780531
2023-07-03,576.7279866780531
2023-07-05,569.8398371431875
2023-07-06,557.6475557605337
2023-07-07,561.7055049227768
2023-07-10,576.6266589617709
2023-07-11,591.9545816060519
2023-07-12,595.5382222128899
2023-07-13,607.5987017043359
2023-07-14,610.0135350077378
2023-07-17,621.2523369406839
2023-07-18,625.1719632214295
2023-07-19,621.4564273429829
2023-07-20,613.4774673993641
2023-07-21,618.2160524649554
2023-07-24,615.3991599432711
2023-07-25,622.568206175325
2023-07-26,627.9750004183413
2023-07-27,623.2893891173113
2023-07-28,639.9766678244675
2023-07-31,642.9666877632229
2023-08-01,631.6644961206208
2023-08-02,614.7975140536896
2023-08-03,604.468942663666
2023-08-04,620.7624627146404
2023-08-07,641.7755008909429
2023-08-08,632.8137719918418
2023-08-09,630.002652652815
2023-08-10,633.1058864241144
2023-08-11,627.914744613108
2023-08-14,631.3062468895926
2023-08-15,622.5425909731784
2023-08-16,620.6150077781879
2023-08-17,607.096921734281
2023-08-18,600.0475011040385
2023-08-21,598.6766492651049
2023-08-22,603.7594000853118
2023-08-23,612.2220048395138
2023-08-24,599.1395192259946
2023-08-25,603.7471914530381
2023-08-28,606.4560221108571
2023-08-29,620.0503679383202
2023-08-30,622.0926804290854
2023-08-31,623.3523309833878
2023-09-01,629.2241548529634
2023-09-05,637.6384965298893
2023-09-06,634.8407374426209
2023-09-07,628.8783378658867
2023-09-08,631.2655923820391
2023-09-11,635.6981263447813
2023-09-12,632.0269955797645
2023-09-13,621.0161702824937
2023-09-14,625.9833213800468
2023-09-15,621.0522247550534
2023-09-18,619.5076761866682
2023-09-19,614.8343341432868
2023-09-20,605.5931296370298
2023-09-21,591.8705482473957
2023-09-22,593.8031040189105
2023-09-25,598.5196802281538
2023-09-26,589.0007770738267
2023-09-27,596.1571142166594
2023-09-28,602.8283390332583
2023-09-29,602.4044084717855
2023-10-02,602.9680213197158
2023-10-03,577.4110097866326
2023-10-04,581.8017891616237
2023-10-05,574.2917655171434
2023-10-06,584.1473060675236
2023-10-09,580.6340113407376
2023-10-10,587.9584006774983
2023-10-11,585.7736950562005
2023-10-12,575.9990671168413
2023-10-13,563.3279661111998
2023-10-16,570.9597988646274
2023-10-17,572.0153907968913
2023-10-18,552.5196414755043
2023-10-19,544.3562744596765
2023-10-20,532.8235152943228
2023-10-23,545.7295305074182
2023-10-24,551.4764746980917
2023-10-25,539.5054444063409
2023-10-26,530.4267787904367
2023-10-27,531.0254042870147
2023-10-30,537.8488868088436
2023-10-31,538.6875664188819
2023-11-01,536.2697329450208
2023-11-02,539.409084353424
2023-11-03,552.7918220393209
2023-11-06,556.5823213765582
2023-11-07,567.0609249994925
2023-11-08,564.5913878308118
2023-11-09,555.1248515482984
2023-11-10,566.9117320769282
2023-11-13,576.2649576857182
2023-11-14,596.8495849761318
2023-11-15,599.7979811297799
2023-11-16,595.2624104253315
2023-11-17,598.3642929518752
2023-11-20,607.9696737258979
2023-11-21,594.2059757387325
2023-11-22,599.9810094989024
2023-11-24,599.6397712696892
2023-11-27,602.6359494305034
2023-11-28,604.6743965208706
2023-11-29,603.8010192465233
2023-11-30,604.2660513944301
2023-12-01,620.0507469877452
2023-12-04,615.0780831354795
2023-12-05,613.556668115588
2023-12-06,614.1668719085832
2023-12-07,625.3586513447988
2023-12-08,632.83017379667
2023-12-11,645.0962297775397
2023-12-12,652.33247683621
2023-12-13,660.5402665910484
2023-12-14,670.6358909020037
2023-12-15,678.39514890638
2023-12-18,678.7446702215357
2023-12-19,686.3542358630355
2023-12-20,672.0000240097985
2023-12-21,682.9231521238959
2023-12-22,682.6366187610736
2023-12-26,682.4431537520286
2023-12-27,677.9351061791672
2023-12-28,683.011404565228
2023-12-29,680.8679022116122
2024-01-02,680.8679022116122
2024-01-03,662.9320072509721
2024-01-04,659.1236083267263
2024-01-05,658.3810652996233
2024-01-08,670.1786941415556
2024-01-09,675.7618092217878
2024-01-10,677.6668937585999
2024-01-11,677.9906102653504
2024-01-12,674.9822942351456
2024-01-16,666.1201721822731
2024-01-17,661.6468097325376
2024-01-18,671.2230483540329
2024-01-19,680.6462830406649
2024-01-22,690.8182966048735
2024-01-23,693.3676037864714
2024-01-24,688.2311600080076
2024-01-25,694.5004440784505
2024-01-26,695.211272585219
2024-01-29,707.748843467472
2024-01-30,700.0053115309344
2024-01-31,683.1305268454603
2024-02-01,688.6130651646462
2024-02-02,695.2193139408853
2024-02-05,689.8363881503305
2024-02-06,687.7941683095199
2024-02-07,692.3838330306666
2024-02-08,702.6171260195957
2024-02-09,710.0321752028395
2024-02-12,710.0009763747124
2024-02-13,687.5468082037606
2024-02-14,707.1879996526001
2024-02-15,714.6016103613401
2024-02-16,704.8459168074451
2024-02-20,692.3872431687594
2024-02-21,681.9526678288595
2024-02-22,699.2258391036884
2024-02-23,700.0021488647632
2024-02-26,706.628391238895
2024-02-27,718.1488539657352
2024-02-28,711.5906197092853
2024-02-29,731.2512148518243
2024-03-01,737.9145207117576
2024-03-04,734.2411618027487
2024-03-05,705.9456893630811
2024-03-06,715.6771030820142
2024-03-07,716.1496669704401
2024-03-08,722.1311497446657
2024-03-11,724.9744596676342
2024-03-12,736.2208542973488
2024-03-13,729.9557410916541
2024-03-14,721.4402364034333
2024-03-15,700.7757838650946
2024-03-18,704.4990496011503
2024-03-19,709.1068853247376
2024-03-20,721.1238367720781
2024-03-21,726.7487106967598
2024-03-22,721.8117990654399
2024-03-25,712.7959095841547
2024-03-26,713.17820846921
2024-03-27,723.4997780936903
2024-03-28,725.955036341835
2024-04-01,715.2800075872257
2024-04-02,700.0210290594599
2024-04-03,698.7876139106097
2024-04-04,697.7231161228251
2024-04-05,713.3457715063819
2024-04-08,718.2590597078784
2024-04-09,724.2811808015347
2024-04-10,707.0606928552708
2024-04-11,710.6678663347175
2024-04-12,697.6967951381707
2024-04-15,680.9345606988348
2024-04-16,680.2442387194387
2024-04-17,679.879089615977
2024-04-18,676.2881332043011
2024-04-19,671.4126795070018
2024-04-22,676.5807314592953
2024-04-23,699.8267301683304
2024-04-24,699.3006976935641
2024-04-25,692.8567159239659
2024-04-26,705.7225794086268
2024-04-29,709.3342028553252
2024-04-30,694.5502728249147
2024-05-01,688.565039272086
2024-05-02,693.5729337742337
2024-05-03,706.8584968375123
2024-05-06,716.8596068341889
2024-05-07,720.0746829164506
2024-05-08,712.0391679973303
2024-05-09,704.3526089892136
2024-05-10,702.0304875359635
2024-05-13,701.1920830596908
2024-05-14,710.6063180297706
2024-05-15,728.7639204791426
2024-05-16,727.6533253185552
2024-05-17,731.2601236450629
2024-05-20,739.9282395554861
2024-05-21,734.6679345859299
2024-05-22,730.2511456491263
2024-05-23,719.0404284095512
2024-05-24,682.1299300080587
2024-05-28,681.2344418325085
2024-05-29,690.4878589662826
2024-05-30,663.2944317038372
2024-05-31,674.4033548796212
2024-06-03,672.2479771644521
2024-06-04,670.2771551738725
2024-06-05,679.0650834080046
2024-06-06,680.5533392798842
2024-06-07,676.278593476122
2024-06-10,673.5993833637306
2024-06-11,671.7038632307919
2024-06-12,693.5060145724207
2024-06-13,690.660317115704
2024-06-14,687.063464344234
2024-06-17,698.2775740257356
2024-06-18,709.3620403027545
2024-06-20,710.1050148519079
2024-06-21,724.6777024430195
2024-06-24,720.4873224143147
2024-06-25,731.4023138567949
2024-06-26,735.5752423454092
2024-06-27,748.8622104409513
2024-06-28,753.3727862884004
2024-07-01,753.3727862884004
2024-07-02,765.6905682027194
2024-07-03,768.7841788305972
2024-07-05,768.6576754073833
2024-07-08,768.837114746805
2024-07-09,765.5688224109933
2024-07-10,756.4538697915187
2024-07-11,748.7584287529779
2024-07-12,763.3986604827342
2024-07-15,765.793552935562
2024-07-16,773.4167562032388
2024-07-17,747.6446689436433
2024-07-18,738.0470153795944
2024-07-19,741.3173064095802
2024-07-22,747.0364301528705
2024-07-23,745.1800181396403
2024-07-24,719.5581679646511
2024-07-25,705.9434762622997
2024-07-26,713.2722617555528
2024-07-29,713.0233677580826
2024-07-30,703.723221069393
2024-07-31,711.1606474980315
2024-08-01,700.0218614439214
2024-08-02,657.001891856646
2024-08-05,655.5174524482027
2024-08-06,664.984055673625
2024-08-07,630.7630937258255
2024-08-08,650.7340737755945
2024-08-09,652.2657688917861
2024-08-12,648.6443585554613
2024-08-13,671.6833396983601
2024-08-14,669.954236266608
2024-08-15,683.786567067625
2024-08-16,683.0695853812324
2024-08-19,692.3454533897867
2024-08-20,685.995176160259
2024-08-21,695.9990214270559
2024-08-22,693.1775443901665
2024-08-23,705.9301557658245
2024-08-26,701.2361532074005
2024-08-27,715.9348726358454
2024-08-28,711.5619652957262
2024-08-29,714.3498231221216
2024-08-30,718.6320797088217
2024-09-03,703.1138483438548
2024-09-04,701.6559671711963
2024-09-05,703.8407580063197
2024-09-06,693.6321723464137
2024-09-09,700.356162962168
2024-09-10,697.1283662570635
2024-09-11,703.3413617980873
2024-09-12,709.958641469584
2024-09-13,715.5721367636086
2024-09-16,722.2884058501784
2024-09-17,735.4104032058393
2024-09-18,740.6420605207015
2024-09-19,757.226090204902
2024-09-20,767.5457496264962
2024-09-23,767.60889272665
2024-09-24,784.6814014084139
2024-09-25,781.0884073200602
2024-09-26,796.1240719939165
2024-09-27,800.4228161345565
2024-09-30,793.1608555178242
2024-10-01,787.3065753340252
2024-10-02,796.8094322228709
2024-10-03,791.3806199581122
2024-10-04,817.9481752219176
2024-10-07,811.8497611431818
2024-10-08,818.4603184079696
2024-10-09,830.277308975951
2024-10-10,829.7835713568929
2024-10-11,838.3412417944155
2024-10-14,838.6793194659083
2024-10-15,830.2199247105368
2024-10-16,838.7139434326975
2024-10-17,838.5447905491126
2024-10-18,847.8849072039368
2024-10-21,845.0155674123052
2024-10-22,843.7772296651139
2024-10-23,836.2211353822141
2024-10-24,845.1234708688689
2024-10-25,851.820663969392
2024-10-28,856.6944297646598
2024-10-29,869.1475001834602
2024-10-30,903.2218737552251
2024-10-31,929.7967516613115
2024-11-01,931.6306444116985
2024-11-04,932.784386947956
2024-11-05,963.5659963231919
2024-11-06,977.7080514090138
2024-11-07,998.6978546399233
2024-11-08,985.5453941842011
2024-11-11,1003.0925300111526
2024-11-12,991.271363415629
2024-11-13,984.9973433516211
2024-11-14,981.4528784993106
2024-11-15,969.3541328314261
2024-11-18,977.8273446859577
2024-11-19,985.4796890509375
2024-11-20,996.46391963377
2024-11-21,1029.0946433596184
2024-11-22,1032.2005636825697
2024-11-25,1032.0513437691889
2024-11-26,1029.2546670888207
2024-11-27,1028.794308647604
2024-11-29,1027.1822115428683
2024-12-02,1032.0536999889466
2024-12-03,1041.1578998711927
2024-12-04,1055.2930609685209
2024-12-05,1049.8864787764674
2024-12-06,1075.2110549613758
2024-12-09,1071.9286598212022
2024-12-10,1056.8539493855933
2024-12-11,1078.2509596742916
2024-12-12,1074.4342103352913
2024-12-13,1063.0358237204998
2024-12-16,1070.043532111434
2024-12-17,1066.9981873412567
2024-12-18,1019.0043743647814
2024-12-19,1025.564247420018
2024-12-20,1045.2594294514024
2024-12-23,1046.2241507472152
2024-12-24,1056.6942772828738
2024-12-26,1057.2126065399032
2024-12-27,1037.2215464937235
2024-12-30,1020.2823941515367
